timestamp,top_bid_price,top_bid_qty,top_ask_price,top_ask_qty,spread
1747428606.4279845,104385.9,207.97,103492.2,1565.44,-893.6999999999971
1747428606.568512,104385.9,207.97,103492.2,1566.44,-893.6999999999971
1747428606.8367112,104385.9,207.97,103492.2,1566.45,-893.6999999999971
1747428606.8367112,104385.9,207.97,103492.2,1566.45,-893.6999999999971
1747428606.8367112,104385.9,207.97,103492.2,1566.45,-893.6999999999971
1747428606.9774537,104385.9,207.97,103492.2,1566.66,-893.6999999999971
1747428607.0534413,104385.9,207.97,103492.2,1533.11,-893.6999999999971
1747428607.1376765,104385.9,207.97,103492.2,1533.11,-893.6999999999971
1747428607.2216465,104385.9,207.97,103492.2,1455.99,-893.6999999999971
1747428607.3763452,104385.9,207.97,103492.2,1447.53,-893.6999999999971
1747428607.424725,104385.9,207.97,103492.2,1447.54,-893.6999999999971
1747428607.542733,104385.9,207.97,103492.2,1447.33,-893.6999999999971
1747428607.6253414,104385.9,207.97,103492.2,1447.33,-893.6999999999971
1747428607.7229395,104385.9,207.97,103492.2,1447.33,-893.6999999999971
1747428607.8696556,104385.9,207.97,103492.2,1447.33,-893.6999999999971
1747428607.9525864,104385.9,207.97,103492.2,1447.33,-893.6999999999971
1747428608.0215135,104385.9,207.97,103492.2,1447.33,-893.6999999999971
1747428608.1993594,104385.9,207.97,103492.2,1447.34,-893.6999999999971
1747428608.223415,104385.9,207.97,103492.2,1447.34,-893.6999999999971
1747428608.3177676,104385.9,207.97,103492.2,1449.57,-893.6999999999971
1747428608.4480033,104385.9,207.97,103492.2,1417.58,-893.6999999999971
1747428608.5226002,104385.9,207.97,103492.2,1418.52,-893.6999999999971
1747428608.6838832,104385.9,207.97,103492.2,1418.92,-893.6999999999971
1747428608.7233975,104385.9,207.97,103492.2,1418.92,-893.6999999999971
1747428608.82612,104385.9,207.97,103492.2,1418.92,-893.6999999999971
1747428609.0773304,104385.9,207.97,103492.2,1419.13,-893.6999999999971
1747428609.0773304,104385.9,207.97,103492.2,1419.4,-893.6999999999971
1747428609.1271858,104385.9,207.97,103492.2,1419.3,-893.6999999999971
1747428609.2252123,104385.9,207.97,103492.2,1419.3,-893.6999999999971
1747428609.3200426,104385.9,207.97,103492.2,1421.08,-893.6999999999971
1747428609.4349446,104385.9,207.97,103492.2,1421.12,-893.6999999999971
1747428609.525719,104385.9,207.97,103492.2,1421.12,-893.6999999999971
1747428609.6229212,104385.9,207.97,103492.2,1420.55,-893.6999999999971
1747428609.7335966,104385.9,207.97,103492.2,1420.55,-893.6999999999971
1747428609.820579,104385.9,207.97,103492.2,1420.55,-893.6999999999971
1747428609.9253287,104385.9,207.97,103492.2,1419.55,-893.6999999999971
1747428610.230641,104385.9,207.97,103492.2,1152.46,-893.6999999999971
1747428610.230641,104385.9,207.97,103492.2,1150.77,-893.6999999999971
1747428610.230641,104385.9,207.97,103492.2,1151.17,-893.6999999999971
1747428610.3392224,104385.9,207.97,103492.2,1284.72,-893.6999999999971
1747428610.4289496,104385.9,207.97,103492.2,1285.14,-893.6999999999971
1747428610.5142045,104385.9,207.97,103492.2,1285.14,-893.6999999999971
1747428610.6587121,104385.9,207.97,103492.2,1285.14,-893.6999999999971
1747428610.7181666,104385.9,207.97,103492.2,1285.14,-893.6999999999971
1747428610.8104043,104385.9,207.97,103492.2,1284.57,-893.6999999999971
1747428610.9318726,104385.9,207.97,103492.2,1284.78,-893.6999999999971
1747428611.030265,104385.9,207.97,103492.2,1285.62,-893.6999999999971
1747428611.1263382,104385.9,207.97,103492.2,1285.6,-893.6999999999971
1747428611.22512,104385.9,207.97,103492.2,1285.6,-893.6999999999971
1747428611.3254733,104385.9,207.97,103492.2,1286.0,-893.6999999999971
1747428611.4167216,104385.9,207.97,103492.2,1285.7,-893.6999999999971
1747428611.5217085,104385.9,207.97,103492.2,1285.1,-893.6999999999971
1747428611.6276155,104385.9,207.97,103492.2,1365.1,-893.6999999999971
1747428611.7303739,104385.9,207.97,103492.2,1285.1,-893.6999999999971
1747428611.8274355,104385.9,207.97,103492.2,1285.1,-893.6999999999971
1747428611.9173477,104385.9,207.97,103492.2,1285.1,-893.6999999999971
1747428612.0265567,104385.9,207.97,103492.2,1285.13,-893.6999999999971
1747428612.135404,104385.9,207.97,103492.2,1405.13,-893.6999999999971
1747428612.2114112,104385.9,207.97,103492.2,1405.13,-893.6999999999971
1747428612.3197584,104385.9,207.97,103492.2,1284.52,-893.6999999999971
1747428612.4270346,104385.9,207.97,103492.2,1174.53,-893.6999999999971
1747428612.5256,104385.9,207.97,103492.2,1174.26,-893.6999999999971
1747428612.6420755,104385.9,207.97,103492.2,1173.86,-893.6999999999971
1747428612.7183256,104385.9,207.97,103492.2,1173.86,-893.6999999999971
1747428612.8133464,104385.9,207.97,103492.2,1161.27,-893.6999999999971
1747428612.9298353,104385.9,207.97,103492.2,1281.27,-893.6999999999971
1747428613.0288126,104385.9,207.97,103492.2,1421.36,-893.6999999999971
1747428613.1257944,104385.9,207.97,103492.2,1421.53,-893.6999999999971
1747428613.2317524,104385.9,207.97,103492.2,1341.53,-893.6999999999971
1747428613.326902,104385.9,207.97,103492.2,1158.77,-893.6999999999971
1747428613.4422677,104385.9,207.97,103492.2,1161.29,-893.6999999999971
1747428613.5263708,104385.9,207.97,103492.2,1160.89,-893.6999999999971
1747428613.6187513,104385.9,207.97,103492.2,1160.18,-893.6999999999971
1747428613.7158864,104385.9,207.97,103492.2,1160.18,-893.6999999999971
1747428613.8696082,104385.9,207.97,103492.2,1370.65,-893.6999999999971
1747428613.95688,104385.9,207.97,103492.2,1370.25,-893.6999999999971
1747428614.0289464,104385.9,207.97,103492.2,1137.8,-893.6999999999971
1747428614.1254134,104385.9,207.97,103492.2,1137.86,-893.6999999999971
1747428614.2222068,104385.9,207.97,103492.2,1137.86,-893.6999999999971
1747428614.326788,104385.9,207.97,103492.2,1139.21,-893.6999999999971
1747428614.4258926,104385.9,207.97,103492.2,1139.15,-893.6999999999971
1747428614.5291042,104385.9,207.97,103492.2,1139.13,-893.6999999999971
1747428614.6882067,104385.9,207.97,103492.2,1139.07,-893.6999999999971
1747428614.7229416,104385.9,207.97,103492.2,1139.06,-893.6999999999971
1747428614.8276196,104385.9,207.97,103492.2,1219.05,-893.6999999999971
1747428614.924485,104385.9,207.97,103492.2,1139.05,-893.6999999999971
1747428615.0292177,104385.9,207.97,103492.2,1139.05,-893.6999999999971
1747428615.1938703,104385.9,207.97,103492.2,663.98,-893.6999999999971
1747428615.2300396,104385.9,207.97,103492.2,630.91,-893.6999999999971
1747428615.3295865,104385.9,207.97,103492.2,262.94,-893.6999999999971
1747428615.433979,104385.9,207.97,103492.2,427.97,-893.6999999999971
1747428615.528791,104385.9,207.97,103492.2,473.02,-893.6999999999971
1747428615.6275184,104385.9,207.97,103492.2,473.05,-893.6999999999971
1747428615.7540104,104385.9,207.97,103492.2,473.05,-893.6999999999971
1747428615.831047,104385.9,207.97,103492.2,215.99,-893.6999999999971
1747428615.9276364,104385.9,207.97,103492.2,513.41,-893.6999999999971
1747428616.0284429,104385.9,207.97,103492.2,240.76,-893.6999999999971
1747428616.129752,104385.9,207.97,103492.2,241.77,-893.6999999999971
1747428616.2322512,104385.9,207.97,103492.2,241.77,-893.6999999999971
1747428616.3444557,104385.9,207.97,103492.2,241.77,-893.6999999999971
1747428616.428802,104385.9,207.97,103492.2,225.16,-893.6999999999971
1747428616.5217807,104385.9,207.97,103492.2,345.24,-893.6999999999971
1747428616.6257231,104385.9,207.97,103492.2,498.09,-893.6999999999971
1747428616.7265334,104385.9,207.97,103492.2,223.15,-893.6999999999971
1747428616.8340986,104385.9,207.97,103492.2,223.15,-893.6999999999971
1747428617.0019732,104385.9,207.97,103492.2,223.15,-893.6999999999971
1747428617.0312867,104385.9,207.97,103492.2,343.23,-893.6999999999971
1747428617.113783,104385.9,207.97,103492.2,223.15,-893.6999999999971
1747428617.2280881,104385.9,207.97,103492.2,501.79,-893.6999999999971
1747428617.3289976,104385.9,207.97,103492.2,545.98,-893.6999999999971
1747428617.429531,104385.9,207.97,103492.2,546.55,-893.6999999999971
1747428617.5768018,104385.9,207.97,103492.2,516.55,-893.6999999999971
1747428617.6270208,104385.9,207.97,103492.2,516.55,-893.6999999999971
1747428617.7259915,104385.9,207.97,103492.2,546.55,-893.6999999999971
1747428617.824045,104385.9,207.97,103492.2,546.55,-893.6999999999971
1747428617.9225252,104385.9,207.97,103492.2,516.55,-893.6999999999971
1747428618.0233886,104385.9,207.97,103492.2,516.55,-893.6999999999971
1747428618.1274529,104385.9,207.97,103492.2,516.55,-893.6999999999971
1747428618.2292032,104385.9,207.97,103492.2,516.54,-893.6999999999971
1747428618.3342702,104385.9,207.97,103492.2,516.67,-893.6999999999971
1747428618.4264817,104385.9,207.97,103492.2,516.67,-893.6999999999971
1747428618.5145473,104385.9,207.97,103492.2,516.67,-893.6999999999971
1747428618.630176,104385.9,207.97,103492.2,516.67,-893.6999999999971
1747428618.7271037,104385.9,207.97,103492.2,516.67,-893.6999999999971
1747428618.826009,104385.9,207.97,103492.2,546.66,-893.6999999999971
1747428618.9136772,104385.9,207.97,103492.2,502.07,-893.6999999999971
1747428619.029632,104385.9,207.97,103492.2,343.26,-893.6999999999971
1747428619.1208005,104385.9,207.97,103492.2,349.66,-893.6999999999971
1747428619.2134957,104385.9,207.97,103492.2,502.92,-893.6999999999971
1747428619.3271425,104385.9,207.97,103492.2,502.92,-893.6999999999971
1747428619.519624,104385.9,207.97,103492.2,502.92,-893.6999999999971
1747428619.519624,104385.9,207.97,103492.2,502.92,-893.6999999999971
1747428619.6260607,104385.9,207.97,103492.2,502.93,-893.6999999999971
1747428619.71687,104385.9,207.97,103492.2,502.93,-893.6999999999971
1747428619.8261166,104385.9,207.97,103492.2,502.93,-893.6999999999971
1747428619.9164934,104385.9,207.97,103492.2,497.23,-893.6999999999971
1747428620.0373602,104385.9,207.97,103492.2,497.23,-893.6999999999971
1747428620.1161232,104385.9,207.97,103492.2,497.23,-893.6999999999971
1747428620.2251756,104385.9,207.97,103492.2,497.23,-893.6999999999971
1747428620.3210588,104385.9,207.97,103492.2,496.83,-893.6999999999971
1747428620.424947,104385.9,207.97,103492.2,534.07,-893.6999999999971
1747428620.6659956,104385.9,207.97,103492.2,497.59,-893.6999999999971
1747428620.6659956,104385.9,207.97,103492.2,497.56,-893.6999999999971
1747428620.7253008,104385.9,207.97,103492.2,497.56,-893.6999999999971
1747428620.8113728,104385.9,207.97,103492.2,497.56,-893.6999999999971
1747428620.9169676,104385.9,207.97,103492.2,511.75,-893.6999999999971
1747428621.0124776,104385.9,207.97,103492.2,511.75,-893.6999999999971
1747428621.117959,104385.9,207.97,103492.2,511.75,-893.6999999999971
1747428621.2238634,104385.9,207.97,103492.2,511.76,-893.6999999999971
1747428621.326688,104385.9,207.97,103492.2,511.76,-893.6999999999971
1747428621.4242873,104385.9,207.97,103492.2,343.07,-893.6999999999971
1747428621.5228758,104385.9,207.97,103492.2,343.47,-893.6999999999971
1747428621.625678,104385.9,207.97,103492.2,343.5,-893.6999999999971
1747428621.7236748,104385.9,207.97,103492.2,343.5,-893.6999999999971
1747428621.8339486,104385.9,207.97,103492.2,343.5,-893.6999999999971
1747428621.9248116,104385.9,207.97,103492.2,496.37,-893.6999999999971
1747428622.028524,104385.9,207.97,103492.2,496.37,-893.6999999999971
1747428622.118655,104385.9,207.97,103492.2,559.31,-893.6999999999971
1747428622.2181418,104385.9,207.97,103492.2,559.31,-893.6999999999971
1747428622.3279696,104385.9,207.97,103492.2,530.65,-893.6999999999971
1747428622.4174197,104385.9,207.97,103492.2,560.29,-893.6999999999971
1747428622.5243487,104385.9,207.97,103492.2,545.24,-893.6999999999971
1747428622.6255083,104385.9,207.97,103492.2,547.64,-893.6999999999971
1747428622.7232943,104385.9,207.97,103492.2,547.96,-893.6999999999971
1747428622.825619,104385.9,207.97,103492.2,563.45,-893.6999999999971
1747428623.002881,104385.9,207.97,103492.2,563.46,-893.6999999999971
1747428623.022141,104385.9,207.97,103492.2,533.46,-893.6999999999971
1747428623.1269062,104385.9,207.97,103492.2,472.9,-893.6999999999971
1747428623.2285373,104385.9,207.97,103492.2,647.95,-893.6999999999971
1747428623.3150349,104385.9,207.97,103492.2,656.95,-893.6999999999971
1747428623.4273987,104385.9,207.97,103492.2,602.88,-893.6999999999971
1747428623.5138714,104385.9,207.97,103492.2,488.31,-893.6999999999971
1747428623.6624007,104385.9,207.97,103492.2,502.9,-893.6999999999971
1747428623.727314,104385.9,207.97,103492.2,478.4,-893.6999999999971
1747428623.8259904,104385.9,207.97,103492.2,478.4,-893.6999999999971
1747428623.9278514,104385.9,207.97,103492.2,508.4,-893.6999999999971
1747428624.0216877,104385.9,207.97,103492.2,494.52,-893.6999999999971
1747428624.124774,104385.9,207.97,103492.2,464.52,-893.6999999999971
1747428624.237404,104385.9,207.97,103492.2,290.62,-893.6999999999971
1747428624.3249116,104385.9,207.97,103492.2,293.14,-893.6999999999971
1747428624.4100988,104385.9,207.97,103492.2,311.82,-893.6999999999971
1747428624.5164213,104385.9,207.97,103492.2,312.05,-893.6999999999971
1747428624.6166794,104385.9,207.97,103492.2,312.05,-893.6999999999971
1747428624.7251084,104385.9,207.97,103492.2,293.84,-893.6999999999971
1747428624.8251488,104385.9,207.97,103492.2,293.84,-893.6999999999971
1747428624.9687252,104385.9,207.97,103492.2,294.24,-893.6999999999971
1747428625.0258932,104385.9,207.97,103492.2,294.25,-893.6999999999971
1747428625.1233194,104385.9,207.97,103492.2,264.81,-893.6999999999971
1747428625.2370963,104385.9,207.97,103492.2,265.21,-893.6999999999971
1747428625.3209713,104385.9,207.97,103492.2,265.21,-893.6999999999971
1747428625.4833992,104385.9,207.97,103492.2,265.21,-893.6999999999971
1747428625.5249927,104385.9,207.97,103492.2,265.21,-893.6999999999971
1747428625.6186502,104385.9,207.97,103492.2,265.21,-893.6999999999971
1747428625.7249885,104385.9,207.97,103492.2,265.23,-893.6999999999971
1747428625.8200715,104385.9,207.97,103492.2,265.23,-893.6999999999971
1747428625.9117002,104385.9,207.97,103492.2,265.23,-893.6999999999971
1747428626.0353758,104385.9,207.97,103492.2,265.54,-893.6999999999971
1747428626.1150157,104385.9,207.97,103492.2,290.78,-893.6999999999971
1747428626.2241657,104385.9,207.97,103492.2,142.76,-893.6999999999971
1747428626.328716,104385.9,207.97,103492.2,265.88,-893.6999999999971
1747428626.4294558,104385.9,207.97,103492.2,145.62,-893.6999999999971
1747428626.528519,104385.9,207.97,103492.2,266.1,-893.6999999999971
1747428626.6131845,104385.9,207.97,103492.2,265.7,-893.6999999999971
1747428626.715872,104385.9,207.97,103492.2,266.07,-893.6999999999971
1747428626.8248441,104385.9,207.97,103492.2,266.81,-893.6999999999971
1747428626.916475,104385.9,207.97,103492.2,296.82,-893.6999999999971
1747428627.0292819,104385.9,207.97,103492.2,266.82,-893.6999999999971
1747428627.1179059,104385.9,207.97,103492.2,267.3,-893.6999999999971
1747428627.2666533,104385.9,207.97,103492.2,285.86,-893.6999999999971
1747428627.3287778,104385.9,207.97,103492.2,285.86,-893.6999999999971
1747428627.4447455,104385.9,207.97,103492.2,285.8,-893.6999999999971
1747428627.5241287,104385.9,207.97,103492.2,315.8,-893.6999999999971
1747428627.626313,104385.9,207.97,103492.2,285.8,-893.6999999999971
1747428627.7245142,104385.9,207.97,103492.2,282.72,-893.6999999999971
1747428627.8253975,104385.9,207.97,103492.2,315.85,-893.6999999999971
1747428627.9254155,104385.9,207.97,103492.2,285.85,-893.6999999999971
1747428628.0279922,104385.9,207.97,103492.2,322.45,-893.6999999999971
1747428628.1264646,104385.9,207.97,103492.2,286.17,-893.6999999999971
1747428628.2251513,104385.9,207.97,103492.2,286.17,-893.6999999999971
1747428628.3272202,104385.9,207.97,103492.2,286.85,-893.6999999999971
1747428628.4705284,104385.9,207.97,103492.2,269.08,-893.6999999999971
1747428628.5242927,104385.9,207.97,103492.2,149.0,-893.6999999999971
1747428628.7584543,104385.9,207.97,103492.2,266.03,-893.6999999999971
1747428628.7584543,104385.9,207.97,103492.2,266.77,-893.6999999999971
1747428628.8262038,104385.9,207.97,103492.2,146.71,-893.6999999999971
1747428628.9229558,104385.9,207.97,103492.2,297.09,-893.6999999999971
1747428629.0234623,104385.9,207.97,103492.2,177.01,-893.6999999999971
1747428629.1269965,104385.9,207.97,103492.2,322.06,-893.6999999999971
1747428629.2287266,104385.9,207.97,103492.2,328.93,-893.6999999999971
1747428629.31422,104385.9,207.97,103492.2,328.94,-893.6999999999971
1747428629.4276166,104385.9,207.97,103492.2,352.04,-893.6999999999971
1747428629.5284262,104385.9,207.97,103492.2,352.05,-893.6999999999971
1747428629.6253455,104385.9,207.97,103492.2,352.05,-893.6999999999971
1747428629.7120397,104385.9,207.97,103492.2,322.05,-893.6999999999971
1747428629.8297968,104385.9,207.97,103492.2,504.93,-893.6999999999971
1747428629.9265077,104385.9,207.97,103492.2,504.93,-893.6999999999971
1747428630.0297205,104385.9,207.97,103492.2,322.36,-893.6999999999971
1747428630.1258862,104385.9,207.97,103492.2,322.36,-893.6999999999971
1747428630.2230048,104385.9,207.97,103492.2,316.02,-893.6999999999971
1747428630.325455,104385.9,207.97,103492.2,323.78,-893.6999999999971
1747428630.4249241,104385.9,207.97,103492.2,323.92,-893.6999999999971
1747428630.5220275,104385.9,207.97,103492.2,326.65,-893.6999999999971
1747428630.646983,104385.9,207.97,103492.2,326.29,-893.6999999999971
1747428630.7230093,104385.9,207.97,103492.2,324.56,-893.6999999999971
1747428630.8201969,104385.9,207.97,103492.2,354.54,-893.6999999999971
1747428630.9249184,104385.9,207.97,103492.2,354.55,-893.6999999999971
1747428631.0215173,104385.9,207.97,103492.2,521.61,-893.6999999999971
1747428631.1260393,104385.9,207.97,103492.2,521.6,-893.6999999999971
1747428631.231242,104385.9,207.97,103492.2,521.6,-893.6999999999971
1747428631.312061,104385.9,207.97,103492.2,524.66,-893.6999999999971
1747428631.4269996,104385.9,207.97,103492.2,539.71,-893.6999999999971
1747428631.524116,104385.9,207.97,103492.2,539.71,-893.6999999999971
1747428631.6319754,104385.9,207.97,103492.2,539.71,-893.6999999999971
1747428631.7364457,104385.9,207.97,103492.2,539.14,-893.6999999999971
1747428631.8294067,104385.9,207.97,103492.2,539.14,-893.6999999999971
1747428631.9662964,104385.9,207.97,103492.2,539.16,-893.6999999999971
1747428632.0238678,104385.9,207.97,103492.2,539.16,-893.6999999999971
1747428632.2166412,104385.9,207.97,103492.2,540.04,-893.6999999999971
1747428632.2238731,104385.9,207.97,103492.2,539.74,-893.6999999999971
1747428632.3208961,104385.9,207.97,103492.2,539.31,-893.6999999999971
1747428632.4252431,104385.9,207.97,103492.2,539.31,-893.6999999999971
1747428632.5281496,104385.9,207.97,103492.2,539.39,-893.6999999999971
1747428632.7026372,104385.9,207.97,103492.2,539.16,-893.6999999999971
1747428632.7237308,104385.9,207.97,103492.2,548.16,-893.6999999999971
1747428632.8260224,104385.9,207.97,103492.2,548.93,-893.6999999999971
1747428632.9318995,104385.9,207.97,103492.2,548.13,-893.6999999999971
1747428633.0281014,104385.9,207.97,103492.2,538.73,-893.6999999999971
1747428633.1274977,104385.9,207.97,103492.2,539.12,-893.6999999999971
1747428633.224617,104385.9,207.97,103492.2,539.12,-893.6999999999971
1747428633.3700602,104385.9,207.97,103492.2,806.71,-893.6999999999971
1747428633.432295,104385.9,207.97,103492.2,806.71,-893.6999999999971
1747428633.5248191,104385.9,207.97,103492.2,806.71,-893.6999999999971
1747428633.6256876,104385.9,207.97,103492.2,806.71,-893.6999999999971
1747428633.729866,104385.9,207.97,103492.2,806.71,-893.6999999999971
1747428633.8203275,104385.9,207.97,103492.2,806.71,-893.6999999999971
1747428633.9249208,104385.9,207.97,103492.2,806.75,-893.6999999999971
1747428634.0954762,104385.9,207.97,103492.2,801.05,-893.6999999999971
1747428634.1251612,104385.9,207.97,103492.2,801.39,-893.6999999999971
1747428634.230257,104385.9,207.97,103492.2,800.49,-893.6999999999971
1747428634.3135996,104385.9,207.97,103492.2,793.44,-893.6999999999971
1747428634.418043,104385.9,207.97,103492.2,801.63,-893.6999999999971
1747428634.5243692,104385.9,207.97,103492.2,801.49,-893.6999999999971
1747428634.6178725,104385.9,207.97,103492.2,801.26,-893.6999999999971
1747428634.7576332,104385.9,207.97,103492.2,802.01,-893.6999999999971
1747428634.8201404,104385.9,207.97,103492.2,795.48,-893.6999999999971
1747428634.9258516,104385.9,207.97,103492.2,778.68,-893.6999999999971
1747428635.0151834,104385.9,207.97,103492.2,793.33,-893.6999999999971
1747428635.1257231,104385.9,207.97,103492.2,793.73,-893.6999999999971
1747428635.2259502,104385.9,207.97,103492.2,793.73,-893.6999999999971
1747428635.3305497,104385.9,207.97,103492.2,793.73,-893.6999999999971
1747428635.4240057,104385.9,207.97,103492.2,793.89,-893.6999999999971
1747428635.5195625,104385.9,207.97,103492.2,793.89,-893.6999999999971
1747428635.617128,104385.9,207.97,103492.2,793.89,-893.6999999999971
1747428635.721429,104385.9,207.97,103492.2,796.09,-893.6999999999971
1747428635.8250043,104385.9,207.97,103492.2,796.09,-893.6999999999971
1747428635.917481,104385.9,207.97,103492.2,796.11,-893.6999999999971
1747428636.076695,104385.9,207.97,103492.2,796.43,-893.6999999999971
1747428636.1264791,104385.9,207.97,103492.2,796.43,-893.6999999999971
1747428636.2247915,104385.9,207.97,103492.2,799.57,-893.6999999999971
1747428636.319846,104385.9,207.97,103492.2,800.14,-893.6999999999971
1747428636.4252203,104385.9,207.97,103492.2,792.26,-893.6999999999971
1747428636.5204275,104385.9,207.97,103492.2,792.26,-893.6999999999971
1747428636.6206934,104385.9,207.97,103492.2,792.26,-893.6999999999971
1747428636.8451304,104385.9,207.97,103492.2,784.03,-893.6999999999971
1747428636.8451304,104385.9,207.97,103492.2,784.03,-893.6999999999971
1747428636.9248755,104385.9,207.97,103492.2,754.04,-893.6999999999971
1747428637.0285964,104385.9,207.97,103492.2,322.0,-893.6999999999971
1747428637.1330953,104385.9,207.97,103492.2,312.84,-893.6999999999971
1747428637.22479,104385.9,207.97,103492.2,309.7,-893.6999999999971
1747428637.3922937,104385.9,207.97,103492.2,323.34,-893.6999999999971
1747428637.4255114,104385.9,207.97,103492.2,323.34,-893.6999999999971
1747428637.5575912,104385.9,207.97,103492.2,323.34,-893.6999999999971
1747428637.625345,104385.9,207.97,103492.2,323.34,-893.6999999999971
1747428637.7188714,104385.9,207.97,103492.2,323.34,-893.6999999999971
1747428637.8288023,104385.9,207.97,103492.2,323.34,-893.6999999999971
1747428637.9245849,104385.9,207.97,103492.2,323.34,-893.6999999999971
1747428638.0395882,104385.9,207.97,103492.2,323.35,-893.6999999999971
1747428638.1322994,104385.9,207.97,103492.2,353.66,-893.6999999999971
1747428638.2275534,104385.9,207.97,103492.2,483.33,-893.6999999999971
1747428638.3325794,104385.9,207.97,103492.2,324.73,-893.6999999999971
1747428638.4617794,104385.9,207.97,103492.2,468.07,-893.6999999999971
1747428638.5280178,104385.9,207.97,103492.2,492.09,-893.6999999999971
1747428638.6421735,104385.9,207.97,103492.2,522.09,-893.6999999999971
1747428638.7265036,104385.9,207.97,103492.2,492.85,-893.6999999999971
1747428638.8275378,104385.9,207.97,103492.2,325.79,-893.6999999999971
1747428638.9278321,104385.9,207.97,103492.2,325.8,-893.6999999999971
1747428639.026431,104385.9,207.97,103492.2,325.76,-893.6999999999971
1747428639.1262515,104385.9,207.97,103492.2,325.78,-893.6999999999971
1747428639.227372,104385.9,207.97,103492.2,325.82,-893.6999999999971
1747428639.399061,104385.9,207.97,103492.2,325.82,-893.6999999999971
1747428639.4246178,104385.9,207.97,103492.2,325.84,-893.6999999999971
1747428639.522497,104385.9,207.97,103492.2,522.9,-893.6999999999971
1747428639.6280117,104385.9,207.97,103492.2,529.0,-893.6999999999971
1747428639.7812183,104385.9,207.97,103492.2,529.0,-893.6999999999971
1747428639.8200035,104385.9,207.97,103492.2,528.6,-893.6999999999971
1747428639.9381816,104385.9,207.97,103492.2,529.0,-893.6999999999971
1747428640.022792,104385.9,207.97,103492.2,529.36,-893.6999999999971
1747428640.1232648,104385.9,207.97,103492.2,328.6,-893.6999999999971
1747428640.2274394,104385.9,207.97,103492.2,526.06,-893.6999999999971
1747428640.3197987,104385.9,207.97,103492.2,526.2,-893.6999999999971
1747428640.4248033,104385.9,207.97,103492.2,496.42,-893.6999999999971
1747428640.596973,104385.9,207.97,103492.2,526.45,-893.6999999999971
1747428640.6252425,104385.9,207.97,103492.2,526.08,-893.6999999999971
1747428640.7271407,104385.9,207.97,103492.2,543.17,-893.6999999999971
1747428640.828521,104385.9,207.97,103492.2,552.5,-893.6999999999971
1747428640.9307325,104385.9,207.97,103492.2,551.74,-893.6999999999971
1747428641.0103376,104385.9,207.97,103492.2,551.73,-893.6999999999971
1747428641.175672,104385.9,207.97,103492.2,551.71,-893.6999999999971
1747428641.2316217,104385.9,207.97,103492.2,551.62,-893.6999999999971
1747428641.3256774,104385.9,207.97,103492.2,551.63,-893.6999999999971
1747428641.42492,104385.9,207.97,103492.2,551.63,-893.6999999999971
1747428641.5236456,104385.9,207.97,103492.2,551.62,-893.6999999999971
1747428641.627243,104385.9,207.97,103492.2,551.62,-893.6999999999971
1747428641.724478,104385.9,207.97,103492.2,551.62,-893.6999999999971
1747428641.825202,104385.9,207.97,103492.2,551.62,-893.6999999999971
1747428641.9094949,104385.9,207.97,103492.2,551.62,-893.6999999999971
1747428642.0248265,104385.9,207.97,103492.2,551.62,-893.6999999999971
1747428642.12541,104385.9,207.97,103492.2,551.97,-893.6999999999971
1747428642.2246373,104385.9,207.97,103492.2,551.97,-893.6999999999971
1747428642.3166063,104385.9,207.97,103492.2,553.77,-893.6999999999971
1747428642.4179573,104385.9,207.97,103492.2,553.91,-893.6999999999971
1747428642.5267532,104385.9,207.97,103492.2,554.01,-893.6999999999971
1747428642.611503,104385.9,207.97,103492.2,554.01,-893.6999999999971
1747428642.715844,104385.9,207.97,103492.2,545.01,-893.6999999999971
1747428642.8212929,104385.9,207.97,103492.2,540.91,-893.6999999999971
1747428642.979953,104385.9,207.97,103492.2,1407.06,-893.6999999999971
1747428643.0288315,104385.9,207.97,103492.2,1407.1,-893.6999999999971
1747428643.1263504,104385.9,207.97,103492.2,1407.62,-893.6999999999971
1747428643.2297518,104385.9,207.97,103492.2,1531.12,-893.6999999999971
1747428643.3275363,104385.9,207.97,103492.2,1390.41,-893.6999999999971
1747428643.418116,104385.9,207.97,103492.2,1390.41,-893.6999999999971
1747428643.5257173,104385.9,207.97,103492.2,1390.41,-893.6999999999971
1747428643.6272502,104385.9,207.97,103492.2,1413.26,-893.6999999999971
1747428643.7098312,104385.9,207.97,103492.2,1446.26,-893.6999999999971
1747428643.8347714,104385.9,207.97,103492.2,1446.26,-893.6999999999971
1747428643.9239414,104385.9,207.97,103492.2,1446.26,-893.6999999999971
1747428644.0225313,104385.9,207.97,103492.2,1423.41,-893.6999999999971
1747428644.1212912,104385.9,207.97,103492.2,1423.71,-893.6999999999971
1747428644.2163134,104385.9,207.97,103492.2,1446.56,-893.6999999999971
1747428644.3108828,104385.9,207.97,103492.2,1446.71,-893.6999999999971
1747428644.425611,104385.9,207.97,103492.2,1446.71,-893.6999999999971
1747428644.528178,104385.9,207.97,103492.2,1447.9,-893.6999999999971
1747428644.6256979,104385.9,207.97,103492.2,1447.9,-893.6999999999971
1747428644.7299144,104385.9,207.97,103492.2,1447.9,-893.6999999999971
1747428644.9658864,104385.9,207.97,103492.2,1448.65,-893.6999999999971
1747428644.9658864,104385.9,207.97,103492.2,1448.95,-893.6999999999971
1747428645.0216036,104385.9,207.97,103492.2,1448.95,-893.6999999999971
1747428645.1256223,104385.9,207.97,103492.2,1448.88,-893.6999999999971
1747428645.2228632,104385.9,207.97,103492.2,1448.98,-893.6999999999971
1747428645.3209448,104385.9,207.97,103492.2,1448.96,-893.6999999999971
1747428645.4253616,104385.9,207.97,103492.2,1448.96,-893.6999999999971
1747428645.5253682,104385.9,207.97,103492.2,1448.96,-893.6999999999971
1747428645.616242,104385.9,207.97,103492.2,1447.42,-893.6999999999971
1747428645.7194333,104385.9,207.97,103492.2,1448.54,-893.6999999999971
1747428645.8238568,104385.9,207.97,103492.2,1448.54,-893.6999999999971
1747428645.9090075,104385.9,207.97,103492.2,1448.54,-893.6999999999971
1747428646.1185253,104385.9,207.97,103492.2,1425.69,-893.6999999999971
1747428646.1185253,104385.9,207.97,103492.2,1426.01,-893.6999999999971
1747428646.2168837,104385.9,207.97,103492.2,1425.9,-893.6999999999971
1747428646.3323953,104385.9,207.97,103492.2,1574.42,-893.6999999999971
1747428678.9243052,104385.9,207.97,103491.4,294.04,-894.5
1747428679.0275555,104385.9,207.97,103491.4,465.44,-894.5
1747428679.1643102,104385.9,207.97,103491.4,479.63,-894.5
1747428679.2413843,104385.9,207.97,103491.4,479.63,-894.5
1747428679.3373284,104385.9,207.97,103491.4,479.63,-894.5
1747428679.4250307,104385.9,207.97,103491.4,479.63,-894.5
1747428679.5250094,104385.9,207.97,103491.4,479.63,-894.5
1747428679.6577756,104385.9,207.97,103491.4,479.63,-894.5
1747428679.7348278,104385.9,207.97,103491.4,479.63,-894.5
1747428679.825889,104385.9,207.97,103491.4,479.63,-894.5
1747428679.9867995,104385.9,207.97,103491.4,480.71,-894.5
1747428680.024838,104385.9,207.97,103491.4,480.71,-894.5
1747428680.1263123,104385.9,207.97,103491.4,480.71,-894.5
1747428680.2262993,104385.9,207.97,103491.4,480.71,-894.5
1747428680.3202913,104385.9,207.97,103491.4,480.71,-894.5
1747428680.4256644,104385.9,207.97,103491.4,480.74,-894.5
1747428680.5532718,104385.9,207.97,103491.4,480.87,-894.5
1747428680.6117857,104385.9,207.97,103491.4,480.87,-894.5
1747428680.803814,104385.9,207.97,103491.4,480.87,-894.5
1747428680.8258443,104385.9,207.97,103491.4,480.57,-894.5
1747428680.9276977,104385.9,207.97,103491.4,490.57,-894.5
1747428681.0522428,104385.9,207.97,103491.4,490.6,-894.5
1747428681.1531115,104385.9,207.97,103491.4,490.6,-894.5
1747428681.2914352,104385.9,207.97,103491.4,490.6,-894.5
1747428681.3258884,104385.9,207.97,103491.4,490.03,-894.5
1747428681.4665928,104385.9,207.97,103491.4,490.03,-894.5
1747428681.5253558,104385.9,207.97,103491.4,490.05,-894.5
1747428681.6316674,104385.9,207.97,103491.4,490.05,-894.5
1747428681.7214687,104385.9,207.97,103491.4,490.05,-894.5
1747428681.9737933,104385.9,207.97,103491.4,490.05,-894.5
1747428681.9737933,104385.9,207.97,103491.4,337.18,-894.5
1747428682.042831,104385.9,207.97,103491.4,322.99,-894.5
1747428682.123871,104385.9,207.97,103491.4,322.99,-894.5
1747428682.2157974,104385.9,207.97,103491.4,475.86,-894.5
1747428682.3614545,104385.9,207.97,103491.4,532.41,-894.5
1747428682.4535725,104385.9,207.97,103491.4,532.26,-894.5
1747428682.5412526,104385.9,207.97,103491.4,532.43,-894.5
1747428682.6894705,104385.9,207.97,103491.4,489.37,-894.5
1747428682.7247849,104385.9,207.97,103491.4,496.9,-894.5
1747428682.818726,104385.9,207.97,103491.4,490.3,-894.5
1747428682.9470234,104385.9,207.97,103491.4,490.3,-894.5
1747428683.1279552,104385.9,207.97,103491.4,489.99,-894.5
1747428683.1279552,104385.9,207.97,103491.4,489.99,-894.5
1747428683.2762663,104385.9,207.97,103491.4,337.12,-894.5
1747428683.3204172,104385.9,207.97,103491.4,45.35,-894.5
1747428683.4292624,104385.9,207.97,103491.4,147.0,-894.5
1747428683.5294235,104385.9,207.97,103491.4,147.06,-894.5
1747428683.6267056,104385.9,207.97,103491.4,147.06,-894.5
1747428683.769854,104385.9,207.97,103491.4,147.06,-894.5
1747428683.8461776,104385.9,207.97,103491.4,147.06,-894.5
1747428683.9307554,104385.9,207.97,103491.4,545.91,-894.5
1747428684.025426,104385.9,207.97,103491.4,545.91,-894.5
1747428684.1272554,104385.9,207.97,103491.4,530.86,-894.5
1747428684.2750285,104385.9,207.97,103491.4,546.26,-894.5
1747428684.344768,104385.9,207.97,103491.4,515.51,-894.5
1747428684.4521952,104385.9,207.97,103491.4,602.92,-894.5
1747428684.591484,104385.9,207.97,103491.4,585.22,-894.5
1747428684.628192,104385.9,207.97,103491.4,705.22,-894.5
1747428684.7261646,104385.9,207.97,103491.4,992.98,-894.5
1747428684.8653243,104385.9,207.97,103491.4,1029.58,-894.5
1747428684.9282079,104385.9,207.97,103491.4,1059.58,-894.5
1747428685.0290005,104385.9,207.97,103491.4,1058.37,-894.5
1747428685.1674867,104385.9,207.97,103491.4,1028.2,-894.5
1747428685.2264338,104385.9,207.97,103491.4,1058.38,-894.5
1747428685.3263147,104385.9,207.97,103491.4,1028.38,-894.5
1747428685.4265127,104385.9,207.97,103491.4,1029.47,-894.5
1747428685.5285707,104385.9,207.97,103491.4,913.54,-894.5
1747428685.6607847,104385.9,207.97,103491.4,943.54,-894.5
1747428685.7576845,104385.9,207.97,103491.4,899.92,-894.5
1747428685.82982,104385.9,207.97,103491.4,978.84,-894.5
1747428685.9266508,104385.9,207.97,103491.4,948.84,-894.5
1747428686.0123382,104385.9,207.97,103491.4,978.84,-894.5
1747428686.1260433,104385.9,207.97,103491.4,948.84,-894.5
1747428686.2302895,104385.9,207.97,103491.4,948.93,-894.5
1747428686.320501,104385.9,207.97,103491.4,948.93,-894.5
1747428686.4836636,104385.9,207.97,103491.4,948.93,-894.5
1747428686.5251508,104385.9,207.97,103491.4,948.91,-894.5
1747428686.6500669,104385.9,207.97,103491.4,978.76,-894.5
1747428686.7303562,104385.9,207.97,103491.4,981.1,-894.5
1747428686.824035,104385.9,207.97,103491.4,966.57,-894.5
1747428686.9772315,104385.9,207.97,103491.4,966.57,-894.5
1747428687.0628192,104385.9,207.97,103491.4,966.58,-894.5
1747428687.141672,104385.9,207.97,103491.4,973.32,-894.5
1747428687.2222714,104385.9,207.97,103491.4,972.95,-894.5
1747428687.3140078,104385.9,207.97,103491.4,973.09,-894.5
1747428687.4248292,104385.9,207.97,103491.4,973.09,-894.5
1747428687.5501723,104385.9,207.97,103491.4,973.09,-894.5
1747428687.7779827,104385.9,207.97,103491.4,973.09,-894.5
1747428687.7789917,104385.9,207.97,103491.4,973.09,-894.5
1747428687.935943,104385.9,207.97,103491.4,973.09,-894.5
1747428687.935943,104385.9,207.97,103491.4,973.09,-894.5
1747428688.0180306,104385.9,207.97,103491.4,973.09,-894.5
1747428688.1283965,104385.9,207.97,103491.4,973.09,-894.5
1747428688.2247343,104385.9,207.97,103491.4,972.85,-894.5
1747428688.375259,104385.9,207.97,103491.4,972.85,-894.5
1747428688.4551017,104385.9,207.97,103491.4,972.85,-894.5
1747428688.5240235,104385.9,207.97,103491.4,973.64,-894.5
1747428688.6266556,104385.9,207.97,103491.4,973.64,-894.5
1747428688.926791,104385.9,207.97,103491.4,973.64,-894.5
1747428688.926791,104385.9,207.97,103491.4,973.64,-894.5
1747428688.926791,104385.9,207.97,103491.4,973.64,-894.5
1747428689.032487,104385.9,207.97,103491.4,1013.64,-894.5
1747428689.126197,104385.9,207.97,103491.4,1013.59,-894.5
1747428689.2264118,104385.9,207.97,103491.4,974.05,-894.5
1747428689.361185,104385.9,207.97,103491.4,974.05,-894.5
1747428689.425504,104385.9,207.97,103491.4,974.05,-894.5
1747428689.5250373,104385.9,207.97,103491.4,974.05,-894.5
1747428689.6262546,104385.9,207.97,103491.4,974.06,-894.5
1747428689.7294114,104385.9,207.97,103491.4,1014.06,-894.5
1747428689.826278,104385.9,207.97,103491.4,1044.06,-894.5
1747428689.933746,104385.9,207.97,103491.4,1044.06,-894.5
1747428690.0701246,104385.9,207.97,103491.4,1044.06,-894.5
1747428690.128886,104385.9,207.97,103491.4,1004.06,-894.5
1747428690.2264166,104385.9,207.97,103491.4,1004.05,-894.5
1747428690.3239496,104385.9,207.97,103491.4,1004.05,-894.5
1747428690.426782,104385.9,207.97,103491.4,1004.05,-894.5
1747428690.5250103,104385.9,207.97,103491.4,1004.05,-894.5
1747428690.6251905,104385.9,207.97,103491.4,1005.1,-894.5
1747428690.724437,104385.9,207.97,103491.4,1005.07,-894.5
1747428690.8226428,104385.9,207.97,103491.4,1005.03,-894.5
1747428690.9418063,104385.9,207.97,103491.4,1005.03,-894.5
1747428691.028056,104385.9,207.97,103491.4,1005.03,-894.5
1747428691.1273665,104385.9,207.97,103491.4,1045.03,-894.5
1747428691.2229304,104385.9,207.97,103491.4,1045.03,-894.5
1747428691.3232875,104385.9,207.97,103491.4,1046.89,-894.5
1747428691.4254713,104385.9,207.97,103491.4,1047.03,-894.5
1747428691.5289688,104385.9,207.97,103491.4,1193.64,-894.5
1747428691.6309235,104385.9,207.97,103491.4,1113.59,-894.5
1747428691.7263954,104385.9,207.97,103491.4,1113.59,-894.5
1747428691.8285847,104385.9,207.97,103491.4,1110.73,-894.5
1747428691.9257843,104385.9,207.97,103491.4,1087.88,-894.5
1747428692.0250125,104385.9,207.97,103491.4,1087.88,-894.5
1747428692.125175,104385.9,207.97,103491.4,1087.88,-894.5
1747428692.3821344,104385.9,207.97,103491.4,1087.88,-894.5
1747428692.3831441,104385.9,207.97,103491.4,1038.31,-894.5
1747428692.4307637,104385.9,207.97,103491.4,950.06,-894.5
1747428692.5249104,104385.9,207.97,103491.4,968.19,-894.5
1747428692.6282444,104385.9,207.97,103491.4,998.59,-894.5
1747428692.7322414,104385.9,207.97,103491.4,1077.59,-894.5
1747428692.823235,104385.9,207.97,103491.4,1047.49,-894.5
1747428692.927531,104385.9,207.97,103491.4,1047.89,-894.5
1747428693.0587318,104385.9,207.97,103491.4,1047.89,-894.5
1747428693.1331542,104385.9,207.97,103491.4,1123.89,-894.5
1747428693.229356,104385.9,207.97,103491.4,1123.89,-894.5
1747428693.3231986,104385.9,207.97,103491.4,1076.0,-894.5
1747428693.5111275,104385.9,207.97,103491.4,1076.0,-894.5
1747428693.5111275,104385.9,207.97,103491.4,1065.37,-894.5
1747428693.6391988,104385.9,207.97,103491.4,1065.3,-894.5
1747428693.7273676,104385.9,207.97,103491.4,1065.3,-894.5
1747428693.8239248,104385.9,207.97,103491.4,1104.78,-894.5
1747428693.966153,104385.9,207.97,103491.4,1104.78,-894.5
1747428694.0285428,104385.9,207.97,103491.4,1064.38,-894.5
1747428694.1330066,104385.9,207.97,103491.4,1064.78,-894.5
1747428694.2234175,104385.9,207.97,103491.4,1064.78,-894.5
1747428694.326625,104385.9,207.97,103491.4,1064.79,-894.5
1747428694.424842,104385.9,207.97,103491.4,1064.3,-894.5
1747428694.667653,104385.9,207.97,103491.4,1103.82,-894.5
1747428694.6744716,104385.9,207.97,103491.4,1104.05,-894.5
1747428694.7227995,104385.9,207.97,103491.4,1103.57,-894.5
1747428694.8617125,104385.9,207.97,103491.4,1103.46,-894.5
1747428694.9242272,104385.9,207.97,103491.4,1062.98,-894.5
1747428695.023774,104385.9,207.97,103491.4,942.98,-894.5
1747428695.202842,104385.9,207.97,103491.4,992.66,-894.5
1747428695.2255487,104385.9,207.97,103491.4,992.17,-894.5
1747428695.320349,104385.9,207.97,103491.4,993.61,-894.5
1747428695.4310849,104385.9,207.97,103491.4,993.4,-894.5
1747428695.5249386,104385.9,207.97,103491.4,993.34,-894.5
1747428695.6280122,104385.9,207.97,103491.4,963.34,-894.5
1747428695.8259296,104385.9,207.97,103491.4,996.46,-894.5
1747428695.8259296,104385.9,207.97,103491.4,996.44,-894.5
1747428695.940243,104385.9,207.97,103491.4,1036.73,-894.5
1747428696.0345008,104385.9,207.97,103491.4,1037.25,-894.5
1747428696.1339293,104385.9,207.97,103491.4,949.35,-894.5
1747428696.2296119,104385.9,207.97,103491.4,949.35,-894.5
1747428696.3251624,104385.9,207.97,103491.4,1039.35,-894.5
1747428696.4239156,104385.9,207.97,103491.4,1079.35,-894.5
1747428696.52358,104385.9,207.97,103491.4,1080.39,-894.5
1747428696.6254923,104385.9,207.97,103491.4,1080.39,-894.5
1747428696.724715,104385.9,207.97,103491.4,1069.4,-894.5
1747428696.8245614,104385.9,207.97,103491.4,1069.33,-894.5
1747428696.9169147,104385.9,207.97,103491.4,1069.28,-894.5
1747428697.009685,104385.9,207.97,103491.4,1069.28,-894.5
1747428697.1231704,104385.9,207.97,103491.4,1069.28,-894.5
1747428697.3290718,104385.9,207.97,103491.4,1069.28,-894.5
1747428697.3290718,104385.9,207.97,103491.4,948.81,-894.5
1747428697.4248996,104385.9,207.97,103491.4,971.21,-894.5
1747428697.5220976,104385.9,207.97,103491.4,934.55,-894.5
1747428697.6255813,104385.9,207.97,103491.4,934.09,-894.5
1747428697.7367992,104385.9,207.97,103491.4,973.49,-894.5
1747428697.8339484,104385.9,207.97,103491.4,973.47,-894.5
1747428697.9247785,104385.9,207.97,103491.4,973.47,-894.5
1747428698.0221732,104385.9,207.97,103491.4,943.47,-894.5
1747428698.1262922,104385.9,207.97,103491.4,943.47,-894.5
1747428698.3262627,104385.9,207.97,103491.4,943.47,-894.5
1747428698.4163518,104385.9,207.97,103491.4,941.43,-894.5
1747428710.321096,104385.9,207.97,103491.4,954.12,-894.5
1747428710.4189038,104385.9,207.97,103491.4,954.12,-894.5
1747428710.5149198,104385.9,207.97,103491.4,954.12,-894.5
1747428710.6125205,104385.9,207.97,103491.4,954.12,-894.5
1747428710.85136,104385.9,207.97,103491.4,954.12,-894.5
1747428710.85136,104385.9,207.97,103491.4,953.99,-894.5
1747428710.910817,104385.9,207.97,103491.4,1052.26,-894.5
1747428711.0136735,104385.9,207.97,103491.4,940.62,-894.5
1747428711.1261687,104385.9,207.97,103491.4,923.83,-894.5
1747428711.225678,104385.9,207.97,103491.4,923.43,-894.5
1747428711.3224459,104385.9,207.97,103491.4,923.83,-894.5
1747428711.4228632,104385.9,207.97,103491.4,953.83,-894.5
1747428711.540787,104385.9,207.97,103491.4,953.83,-894.5
1747428711.6469197,104385.9,207.97,103491.4,924.85,-894.5
1747428711.7155192,104385.9,207.97,103491.4,924.85,-894.5
1747428711.8208053,104385.9,207.97,103491.4,924.83,-894.5
1747428712.0033722,104385.9,207.97,103491.4,894.83,-894.5
1747428712.0220292,104385.9,207.97,103491.4,924.85,-894.5
1747428712.1218722,104385.9,207.97,103491.4,924.85,-894.5
1747428712.2230859,104385.9,207.97,103491.4,1214.93,-894.5
1747428712.3273451,104385.9,207.97,103491.4,1208.75,-894.5
1747428712.420554,104385.9,207.97,103491.4,1208.75,-894.5
1747428712.5491781,104385.9,207.97,103491.4,1208.75,-894.5
1747428712.625586,104385.9,207.97,103491.4,1208.75,-894.5
1747428712.7228737,104385.9,207.97,103491.4,1208.75,-894.5
1747428712.8806257,104385.9,207.97,103491.4,1208.63,-894.5
1747428712.9257116,104385.9,207.97,103491.4,1208.63,-894.5
1747428713.0155325,104385.9,207.97,103491.4,1208.63,-894.5
1747428713.1430044,104385.9,207.97,103491.4,1420.39,-894.5
1747428713.2253666,104385.9,207.97,103491.4,1500.39,-894.5
1747428713.3205714,104385.9,207.97,103491.4,1413.95,-894.5
1747428713.4559853,104385.9,207.97,103491.4,1413.95,-894.5
1747428713.516648,104385.9,207.97,103491.4,1420.32,-894.5
1747428713.619922,104385.9,207.97,103491.4,1413.88,-894.5
1747428713.7230916,104385.9,207.97,103491.4,1283.88,-894.5
1747428713.8128865,104385.9,207.97,103491.4,1283.86,-894.5
1747428713.9100494,104385.9,207.97,103491.4,1283.86,-894.5
1747428714.1116421,104385.9,207.97,103491.4,1283.86,-894.5
1747428714.1191611,104385.9,207.97,103491.4,1283.86,-894.5
1747428714.2245786,104385.9,207.97,103491.4,1283.86,-894.5
1747428714.3625546,104385.9,207.97,103491.4,1283.86,-894.5
1747428714.421777,104385.9,207.97,103491.4,1283.86,-894.5
1747428714.5294902,104385.9,207.97,103491.4,1370.3,-894.5
1747428714.6926553,104385.9,207.97,103491.4,1283.5,-894.5
1747428714.7230532,104385.9,207.97,103491.4,1289.94,-894.5
1747428714.8256347,104385.9,207.97,103491.4,1283.43,-894.5
1747428714.9388502,104385.9,207.97,103491.4,1283.39,-894.5
1747428715.0254812,104385.9,207.97,103491.4,1283.39,-894.5
1747428715.123796,104385.9,207.97,103491.4,1283.42,-894.5
1747428715.2228646,104385.9,207.97,103491.4,1283.42,-894.5
1747428715.3501878,104385.9,207.97,103491.4,1283.57,-894.5
1747428715.426075,104385.9,207.97,103491.4,1290.01,-894.5
1747428715.5216498,104385.9,207.97,103491.4,1289.95,-894.5
1747428715.6206098,104385.9,207.97,103491.4,1289.95,-894.5
1747428715.7230446,104385.9,207.97,103491.4,1283.51,-894.5
1747428715.8236852,104385.9,207.97,103491.4,1260.64,-894.5
1747428715.9238727,104385.9,207.97,103491.4,1283.49,-894.5
1747428716.0138407,104385.9,207.97,103491.4,1240.64,-894.5
1747428716.109062,104385.9,207.97,103491.4,1263.5,-894.5
1747428716.2235177,104385.9,207.97,103491.4,1263.5,-894.5
1747428716.3197339,104385.9,207.97,103491.4,1263.5,-894.5
1747428716.415058,104385.9,207.97,103491.4,1240.65,-894.5
1747428716.6646674,104385.9,207.97,103491.4,1263.5,-894.5
1747428716.6646674,104385.9,207.97,103491.4,1247.09,-894.5
1747428716.7222228,104385.9,207.97,103491.4,1247.09,-894.5
1747428716.8288507,104385.9,207.97,103491.4,1263.4,-894.5
1747428716.9147117,104385.9,207.97,103491.4,1263.4,-894.5
1747428717.0232847,104385.9,207.97,103491.4,1263.4,-894.5
1747428717.117166,104385.9,207.97,103491.4,1269.61,-894.5
1747428717.2232163,104385.9,207.97,103491.4,1263.17,-894.5
1747428717.3129845,104385.9,207.97,103491.4,1263.17,-894.5
1747428717.423812,104385.9,207.97,103491.4,1263.17,-894.5
1747428717.521715,104385.9,207.97,103491.4,1263.17,-894.5
1747428717.6232443,104385.9,207.97,103491.4,1263.1,-894.5
1747428717.7576451,104385.9,207.97,103491.4,1263.1,-894.5
1747428717.820593,104385.9,207.97,103491.4,1263.08,-894.5
1747428717.9250765,104385.9,207.97,103491.4,1263.08,-894.5
1747428718.0606613,104385.9,207.97,103491.4,1263.08,-894.5
1747428718.1222432,104385.9,207.97,103491.4,1266.96,-894.5
1747428718.2229238,104385.9,207.97,103491.4,1269.54,-894.5
1747428718.323688,104385.9,207.97,103491.4,1263.1,-894.5
1747428718.4228835,104385.9,207.97,103491.4,1263.1,-894.5
1747428718.5255003,104385.9,207.97,103491.4,1131.93,-894.5
1747428718.637789,104385.9,207.97,103491.4,1131.93,-894.5
1747428718.8266268,104385.9,207.97,103491.4,1054.62,-894.5
1747428718.8266268,104385.9,207.97,103491.4,1030.3,-894.5
1747428718.9659748,104385.9,207.97,103491.4,1022.56,-894.5
1747428719.0239716,104385.9,207.97,103491.4,1022.59,-894.5
1747428719.125245,104385.9,207.97,103491.4,1022.59,-894.5
1747428719.2174857,104385.9,207.97,103491.4,1022.62,-894.5
1747428719.3264763,104385.9,207.97,103491.4,1022.62,-894.5
1747428719.4241142,104385.9,207.97,103491.4,1025.79,-894.5
1747428719.5353796,104385.9,207.97,103491.4,1025.79,-894.5
1747428719.6259453,104385.9,207.97,103491.4,1006.81,-894.5
1747428719.8591058,104385.9,207.97,103491.4,796.21,-894.5
1747428719.8591058,104385.9,207.97,103491.4,666.43,-894.5
1747428719.9242666,104385.9,207.97,103491.4,689.95,-894.5
1747428720.0203018,104385.9,207.97,103491.4,689.95,-894.5
1747428720.2318068,104385.9,207.97,103491.4,692.25,-894.5
1747428720.3240955,104385.9,207.97,103491.4,662.25,-894.5
1747428720.3240955,104385.9,207.97,103491.4,662.25,-894.5
1747428720.4471822,104385.9,207.97,103491.4,662.25,-894.5
1747428720.577149,104385.9,207.97,103491.4,622.56,-894.5
1747428720.618921,104385.9,207.97,103491.4,629.03,-894.5
1747428720.7634149,104385.9,207.97,103491.4,659.43,-894.5
1747428720.8263323,104385.9,207.97,103491.4,644.46,-894.5
1747428720.9176202,104385.9,207.97,103491.4,644.07,-894.5
1747428721.0966127,104385.9,207.97,103491.4,677.17,-894.5
1747428721.1239872,104385.9,207.97,103491.4,644.07,-894.5
1747428721.2226803,104385.9,207.97,103491.4,644.07,-894.5
1747428721.3243036,104385.9,207.97,103491.4,644.07,-894.5
1747428721.4172904,104385.9,207.97,103491.4,644.08,-894.5
1747428721.5115683,104385.9,207.97,103491.4,644.08,-894.5
1747428721.625489,104385.9,207.97,103491.4,646.72,-894.5
1747428721.7231746,104385.9,207.97,103491.4,646.72,-894.5
1747428721.8336067,104385.9,207.97,103491.4,676.7,-894.5
1747428721.9174256,104385.9,207.97,103491.4,676.52,-894.5
1747428722.0075238,104385.9,207.97,103491.4,676.52,-894.5
1747428722.1249647,104385.9,207.97,103491.4,817.67,-894.5
1747428722.2261724,104385.9,207.97,103491.4,593.93,-894.5
1747428722.3196244,104385.9,207.97,103491.4,593.43,-894.5
1747428722.4152546,104385.9,207.97,103491.4,593.43,-894.5
1747428722.5142403,104385.9,207.97,103491.4,560.59,-894.5
1747428722.6247652,104385.9,207.97,103491.4,393.42,-894.5
1747428722.722908,104385.9,207.97,103491.4,394.32,-894.5
1747428722.8243508,104385.9,207.97,103491.4,408.41,-894.5
1747428722.9168375,104385.9,207.97,103491.4,430.26,-894.5
1747428723.0123687,104385.9,207.97,103491.4,424.01,-894.5
1747428723.1260521,104385.9,207.97,103491.4,423.32,-894.5
1747428723.2231815,104385.9,207.97,103491.4,423.32,-894.5
1747428723.3229218,104385.9,207.97,103491.4,423.32,-894.5
1747428723.4231036,104385.9,207.97,103491.4,423.32,-894.5
1747428723.517244,104385.9,207.97,103491.4,421.47,-894.5
1747428723.6091223,104385.9,207.97,103491.4,423.23,-894.5
1747428723.7243578,104385.9,207.97,103491.4,423.23,-894.5
1747428723.8196263,104385.9,207.97,103491.4,453.21,-894.5
1747428723.9150681,104385.9,207.97,103491.4,423.21,-894.5
1747428724.0220041,104385.9,207.97,103491.4,453.21,-894.5
1747428724.1113832,104385.9,207.97,103491.4,453.21,-894.5
1747428724.2390726,104385.9,207.97,103491.4,423.21,-894.5
1747428724.3207762,104385.9,207.97,103491.4,453.21,-894.5
1747428724.4131274,104385.9,207.97,103491.4,455.14,-894.5
1747428724.5140965,104385.9,207.97,103491.4,455.14,-894.5
1747428724.6232479,104385.9,207.97,103491.4,455.16,-894.5
1747428724.7229447,104385.9,207.97,103491.4,455.16,-894.5
1747428724.8202353,104385.9,207.97,103491.4,425.05,-894.5
1747428724.9242532,104385.9,207.97,103491.4,425.05,-894.5
1747428725.0524552,104385.9,207.97,103491.4,389.01,-894.5
1747428725.1218688,104385.9,207.97,103491.4,424.57,-894.5
1747428725.2161663,104385.9,207.97,103491.4,439.52,-894.5
1747428725.3181727,104385.9,207.97,103491.4,439.52,-894.5
1747428725.4491916,104385.9,207.97,103491.4,409.52,-894.5
1747428725.5219605,104385.9,207.97,103491.4,454.57,-894.5
1747428725.6274052,104385.9,207.97,103491.4,423.61,-894.5
1747428725.7173405,104385.9,207.97,103491.4,408.56,-894.5
1747428725.8246639,104385.9,207.97,103491.4,403.04,-894.5
1747428725.9507387,104385.9,207.97,103491.4,403.04,-894.5
1747428726.0263379,104385.9,207.97,103491.4,403.04,-894.5
1747428726.118759,104385.9,207.97,103491.4,403.04,-894.5
1747428726.2217836,104385.9,207.97,103491.4,403.04,-894.5
1747428726.423973,104385.9,207.97,103491.4,418.09,-894.5
1747428726.5281804,104385.9,207.97,103491.4,463.55,-894.5
1747428726.6232998,104385.9,207.97,103491.4,490.45,-894.5
1747428726.7716742,104385.9,207.97,103491.4,460.45,-894.5
1747428726.844858,104385.9,207.97,103491.4,460.33,-894.5
1747428726.9214067,104385.9,207.97,103491.4,463.73,-894.5
1747428727.023687,104385.9,207.97,103491.4,451.41,-894.5
1747428727.1883717,104385.9,207.97,103491.4,493.77,-894.5
1747428727.2243495,104385.9,207.97,103491.4,463.77,-894.5
1747428727.3231723,104385.9,207.97,103491.4,493.77,-894.5
1747428727.4357932,104385.9,207.97,103491.4,463.77,-894.5
1747428727.5229897,104385.9,207.97,103491.4,421.35,-894.5
1747428727.623102,104385.9,207.97,103491.4,493.74,-894.5
1747428727.7231784,104385.9,207.97,103491.4,493.74,-894.5
1747428727.8236487,104385.9,207.97,103491.4,493.74,-894.5
1747428727.933155,104385.9,207.97,103491.4,463.72,-894.5
1747428728.0101116,104385.9,207.97,103491.4,463.72,-894.5
1747428728.1601381,104385.9,207.97,103491.4,506.67,-894.5
1747428728.225158,104385.9,207.97,103491.4,476.67,-894.5
1747428728.3247714,104385.9,207.97,103491.4,476.67,-894.5
1747428728.422532,104385.9,207.97,103491.4,476.67,-894.5
1747428728.5255172,104385.9,207.97,103491.4,647.82,-894.5
1747428728.6265566,104385.9,207.97,103491.4,787.82,-894.5
1747428728.715921,104385.9,207.97,103491.4,715.46,-894.5
1747428728.8260405,104385.9,207.97,103491.4,556.85,-894.5
1747428728.9252539,104385.9,207.97,103491.4,605.19,-894.5
1747428729.0262966,104385.9,207.97,103491.4,605.06,-894.5
1747428729.1162858,104385.9,207.97,103491.4,603.67,-894.5
1747428729.2231236,104385.9,207.97,103491.4,603.67,-894.5
1747428729.3286319,104385.9,207.97,103491.4,603.65,-894.5
1747428729.4091094,104385.9,207.97,103491.4,603.65,-894.5
1747428729.5245347,104385.9,207.97,103491.4,603.65,-894.5
1747428729.6196706,104385.9,207.97,103491.4,603.59,-894.5
1747428729.727833,104385.9,207.97,103491.4,733.59,-894.5
1747428729.828298,104385.9,207.97,103491.4,703.58,-894.5
1747428730.0122135,104385.9,207.97,103491.4,703.58,-894.5
1747428730.1261363,104385.9,207.97,103491.4,733.58,-894.5
1747428730.2324216,104385.9,207.97,103491.4,733.54,-894.5
1747428730.3275316,104385.9,207.97,103491.4,733.05,-894.5
1747428730.4202828,104385.9,207.97,103491.4,733.05,-894.5
1747428730.5921304,104385.9,207.97,103491.4,733.05,-894.5
1747428730.626166,104385.9,207.97,103491.4,733.05,-894.5
1747428730.7269495,104385.9,207.97,103491.4,676.57,-894.5
1747428730.8379807,104385.9,207.97,103491.4,426.2,-894.5
1747428730.9276357,104385.9,207.97,103491.4,420.76,-894.5
1747428731.0254436,104385.9,207.97,103491.4,420.76,-894.5
1747428731.1359332,104385.9,207.97,103491.4,420.76,-894.5
1747428731.224399,104385.9,207.97,103491.4,414.61,-894.5
1747428731.3231986,104385.9,207.97,103491.4,414.61,-894.5
1747428731.4267757,104385.9,207.97,103491.4,456.97,-894.5
1747428731.528907,104385.9,207.97,103491.4,414.54,-894.5
1747428731.6251712,104385.9,207.97,103491.4,414.54,-894.5
1747428731.730301,104385.9,207.97,103491.4,414.54,-894.5
1747428731.8305924,104385.9,207.97,103491.4,414.52,-894.5
1747428731.9237814,104385.9,207.97,103491.4,456.88,-894.5
1747428732.0403852,104385.9,207.97,103491.4,456.88,-894.5
1747428732.124213,104385.9,207.97,103491.4,486.12,-894.5
1747428732.222866,104385.9,207.97,103491.4,456.11,-894.5
1747428732.3686066,104385.9,207.97,103491.4,413.75,-894.5
1747428732.4237876,104385.9,207.97,103491.4,413.75,-894.5
1747428732.5286355,104385.9,207.97,103491.4,413.75,-894.5
1747428732.625602,104385.9,207.97,103491.4,413.75,-894.5
1747428732.7228754,104385.9,207.97,103491.4,491.61,-894.5
1747428732.8200896,104385.9,207.97,103491.4,491.61,-894.5
1747428732.9488037,104385.9,207.97,103491.4,632.56,-894.5
1747428733.028241,104385.9,207.97,103491.4,632.47,-894.5
1747428733.1252117,104385.9,207.97,103491.4,632.47,-894.5
1747428733.2750285,104385.9,207.97,103491.4,602.45,-894.5
1747428733.3553042,104385.9,207.97,103491.4,632.47,-894.5
1747428733.4204173,104385.9,207.97,103491.4,632.47,-894.5
1747428733.5980859,104385.9,207.97,103491.4,632.49,-894.5
1747428733.6089082,104385.9,207.97,103491.4,602.37,-894.5
1747428733.7173386,104385.9,207.97,103491.4,602.19,-894.5
1747428733.833384,104385.9,207.97,103491.4,632.17,-894.5
1747428733.9537635,104385.9,207.97,103491.4,602.17,-894.5
1747428734.0219667,104385.9,207.97,103491.4,602.17,-894.5
1747428734.1092567,104385.9,207.97,103491.4,635.27,-894.5
1747428734.2221744,104385.9,207.97,103491.4,635.57,-894.5
1747428734.3239639,104385.9,207.97,103491.4,635.57,-894.5
1747428734.4180872,104385.9,207.97,103491.4,635.57,-894.5
1747428734.5608728,104385.9,207.97,103491.4,605.57,-894.5
1747428734.6267078,104385.9,207.97,103491.4,635.57,-894.5
1747428734.7154188,104385.9,207.97,103491.4,635.57,-894.5
1747428734.8198774,104385.9,207.97,103491.4,769.29,-894.5
1747428734.9254541,104385.9,207.97,103491.4,547.95,-894.5
1747428735.0144098,104385.9,207.97,103491.4,562.97,-894.5
1747428735.1250074,104385.9,207.97,103491.4,562.97,-894.5
1747428735.22543,104385.9,207.97,103491.4,696.7,-894.5
1747428735.32369,104385.9,207.97,103491.4,726.7,-894.5
1747428735.4168246,104385.9,207.97,103491.4,726.7,-894.5
1747428735.5661728,104385.9,207.97,103491.4,726.7,-894.5
1747428735.6221654,104385.9,207.97,103491.4,726.7,-894.5
1747428735.7408564,104385.9,207.97,103491.4,726.7,-894.5
1747428735.8209012,104385.9,207.97,103491.4,696.3,-894.5
1747428735.9276977,104385.9,207.97,103491.4,721.11,-894.5
1747428736.0215976,104385.9,207.97,103491.4,691.11,-894.5
1747428736.1217444,104385.9,207.97,103491.4,691.11,-894.5
1747428736.2149887,104385.9,207.97,103491.4,721.11,-894.5
1747428736.318562,104385.9,207.97,103491.4,691.09,-894.5
1747428736.421495,104385.9,207.97,103491.4,745.71,-894.5
1747428736.524154,104385.9,207.97,103491.4,856.1,-894.5
1747428736.6466293,104385.9,207.97,103491.4,856.1,-894.5
1747428736.7137468,104385.9,207.97,103491.4,936.1,-894.5
1747428736.8198779,104385.9,207.97,103491.4,936.1,-894.5
1747428736.9243612,104385.9,207.97,103491.4,966.39,-894.5
1747428737.0125768,104385.9,207.97,103491.4,966.35,-894.5
1747428737.2292874,104385.9,207.97,103491.4,1115.73,-894.5
1747428737.3198783,104385.9,207.97,103491.4,1115.72,-894.5
1747428737.33576,104385.9,207.97,103491.4,1031.08,-894.5
1747428737.5440946,104385.9,207.97,103491.4,1031.08,-894.5
1747428737.5440946,104385.9,207.97,103491.4,1031.08,-894.5
1747428737.6242385,104385.9,207.97,103491.4,1031.08,-894.5
1747428737.7149353,104385.9,207.97,103491.4,1031.08,-894.5
1747428737.8088078,104385.9,207.97,103491.4,1031.08,-894.5
1747428737.9213748,104385.9,207.97,103491.4,1031.08,-894.5
1747428738.0218267,104385.9,207.97,103491.4,1031.06,-894.5
1747428738.1191592,104385.9,207.97,103491.4,1032.21,-894.5
1747428738.2236023,104385.9,207.97,103491.4,1032.21,-894.5
1747428738.323461,104385.9,207.97,103491.4,1032.2,-894.5
1747428738.545008,104385.9,207.97,103491.4,1032.16,-894.5
1747428738.545008,104385.9,207.97,103491.4,1032.16,-894.5
1747428738.6220386,104385.9,207.97,103491.4,1032.16,-894.5
1747428738.7229617,104385.9,207.97,103491.4,1032.16,-894.5
1747428738.8229148,104385.9,207.97,103491.4,1032.16,-894.5
1747428738.9277003,104385.9,207.97,103491.4,1032.16,-894.5
1747428739.0298395,104385.9,207.97,103491.4,1032.16,-894.5
1747428739.1227658,104385.9,207.97,103491.4,1032.16,-894.5
1747428739.269472,104385.9,207.97,103491.4,1032.16,-894.5
1747428739.355488,104385.9,207.97,103491.4,1032.16,-894.5
1747428739.4176106,104385.9,207.97,103491.4,1032.16,-894.5
1747428739.522959,104385.9,207.97,103491.4,1032.16,-894.5
1747428739.7049408,104385.9,207.97,103491.4,1032.16,-894.5
1747428739.72223,104385.9,207.97,103491.4,1032.16,-894.5
1747428739.8264897,104385.9,207.97,103491.4,1032.14,-894.5
1747428739.933282,104385.9,207.97,103491.4,1032.14,-894.5
1747428740.0218422,104385.9,207.97,103491.4,1032.12,-894.5
1747428740.1117218,104385.9,207.97,103491.4,1033.09,-894.5
1747428740.2543848,104385.9,207.97,103491.4,1033.09,-894.5
1747428740.3205707,104385.9,207.97,103491.4,1032.59,-894.5
1747428740.4106534,104385.9,207.97,103491.4,922.59,-894.5
1747428740.5855372,104385.9,207.97,103491.4,892.59,-894.5
1747428740.6224446,104385.9,207.97,103491.4,892.59,-894.5
1747428740.86618,104385.9,207.97,103491.4,892.59,-894.5
1747428740.86618,104385.9,207.97,103491.4,892.59,-894.5
1747428740.916973,104385.9,207.97,103491.4,892.59,-894.5
1747428741.022049,104385.9,207.97,103491.4,758.84,-894.5
1747428741.1674798,104385.9,207.97,103491.4,789.65,-894.5
1747428741.2165494,104385.9,207.97,103491.4,789.65,-894.5
1747428741.321473,104385.9,207.97,103491.4,789.65,-894.5
1747428741.4974127,104385.9,207.97,103491.4,794.25,-894.5
1747428741.5247202,104385.9,207.97,103491.4,928.0,-894.5
1747428741.6140563,104385.9,207.97,103491.4,928.0,-894.5
1747428741.7332916,104385.9,207.97,103491.4,928.0,-894.5
1747428741.819099,104385.9,207.97,103491.4,928.0,-894.5
1747428741.915333,104385.9,207.97,103491.4,943.24,-894.5
1747428742.0216744,104385.9,207.97,103491.4,914.35,-894.5
1747428742.1200423,104385.9,207.97,103491.4,937.72,-894.5
1747428742.2226589,104385.9,207.97,103491.4,937.72,-894.5
1747428742.3272376,104385.9,207.97,103491.4,937.72,-894.5
1747428742.4179943,104385.9,207.97,103491.4,937.72,-894.5
1747428742.5627313,104385.9,207.97,103491.4,937.72,-894.5
1747428742.6195388,104385.9,207.97,103491.4,1174.53,-894.5
1747428742.7244828,104385.9,207.97,103491.4,1214.53,-894.5
1747428742.8111897,104385.9,207.97,103491.4,1214.53,-894.5
1747428742.9263015,104385.9,207.97,103491.4,1174.53,-894.5
1747428743.0214808,104385.9,207.97,103491.4,1181.95,-894.5
1747428743.107293,104385.9,207.97,103491.4,1181.95,-894.5
1747428743.2245262,104385.9,207.97,103491.4,1175.51,-894.5
1747428743.3352695,104385.9,207.97,103491.4,1175.51,-894.5
1747428743.41478,104385.9,207.97,103491.4,1175.51,-894.5
1747428743.5226514,104385.9,207.97,103491.4,1175.51,-894.5
1747428743.6256356,104385.9,207.97,103491.4,1175.51,-894.5
1747428743.7987466,104385.9,207.97,103491.4,1175.51,-894.5
1747428743.8231058,104385.9,207.97,103491.4,1175.51,-894.5
1747428743.917163,104385.9,207.97,103491.4,1215.51,-894.5
1747428744.0216084,104385.9,207.97,103491.4,1215.51,-894.5
1747428744.1115704,104385.9,207.97,103491.4,1175.41,-894.5
1747428744.3225622,104385.9,207.97,103491.4,1175.01,-894.5
1747428744.3225622,104385.9,207.97,103491.4,1181.85,-894.5
1747428744.4208145,104385.9,207.97,103491.4,1175.41,-894.5
1747428744.564334,104385.9,207.97,103491.4,1175.41,-894.5
1747428744.6211617,104385.9,207.97,103491.4,1175.41,-894.5
1747428744.7194443,104385.9,207.97,103491.4,1175.41,-894.5
1747428744.8215919,104385.9,207.97,103491.4,1175.41,-894.5
1747428744.9253016,104385.9,207.97,103491.4,1175.41,-894.5
1747428745.0219624,104385.9,207.97,103491.4,1176.4,-894.5
1747428745.1261683,104385.9,207.97,103491.4,1222.84,-894.5
1747428745.2257144,104385.9,207.97,103491.4,1387.79,-894.5
1747428745.322699,104385.9,207.97,103491.4,1370.16,-894.5
1747428745.4759927,104385.9,207.97,103491.4,1381.36,-894.5
1747428745.5289168,104385.9,207.97,103491.4,1387.8,-894.5
1747428745.6215515,104385.9,207.97,103491.4,1387.8,-894.5
1747428745.7719378,104385.9,207.97,103491.4,1341.36,-894.5
1747428745.821586,104385.9,207.97,103491.4,1178.51,-894.5
1747428745.9218552,104385.9,207.97,103491.4,1178.51,-894.5
1747428746.100599,104385.9,207.97,103491.4,1178.51,-894.5
1747428746.1191003,104385.9,207.97,103491.4,1178.51,-894.5
1747428746.2229297,104385.9,207.97,103491.4,1178.51,-894.5
1747428746.3408165,104385.9,207.97,103491.4,1178.51,-894.5
1747428746.4139616,104385.9,207.97,103491.4,1218.51,-894.5
1747428746.5219555,104385.9,207.97,103491.4,1218.11,-894.5
1747428746.6773584,104385.9,207.97,103491.4,1218.51,-894.5
1747428746.7163138,104385.9,207.97,103491.4,1218.51,-894.5
1747428746.8143687,104385.9,207.97,103491.4,1218.51,-894.5
1747428746.9171114,104385.9,207.97,103491.4,1218.51,-894.5
1747428747.022811,104385.9,207.97,103491.4,1218.51,-894.5
1747428747.1194777,104385.9,207.97,103491.4,1218.51,-894.5
1747428747.2492375,104385.9,207.97,103491.4,1218.11,-894.5
1747428747.319464,104385.9,207.97,103491.4,1219.53,-894.5
1747428747.409704,104385.9,207.97,103491.4,1219.53,-894.5
1747428747.522498,104385.9,207.97,103491.4,1223.87,-894.5
1747428747.6258237,104385.9,207.97,103491.4,1217.43,-894.5
1747428747.7156672,104385.9,207.97,103491.4,1217.43,-894.5
1747428747.8117423,104385.9,207.97,103491.4,1217.43,-894.5
1747428747.9214923,104385.9,207.97,103491.4,1217.43,-894.5
1747428748.0211327,104385.9,207.97,103491.4,1217.43,-894.5
1747428748.116671,104385.9,207.97,103491.4,1217.43,-894.5
1747428748.2227843,104385.9,207.97,103491.4,1217.43,-894.5
1747428748.327391,104385.9,207.97,103491.4,1217.29,-894.5
1747428748.4243224,104385.9,207.97,103491.4,1217.29,-894.5
1747428748.5579636,104385.9,207.97,103491.4,1217.29,-894.5
1747428748.6229463,104385.9,207.97,103491.4,1222.0,-894.5
1747428748.7212293,104385.9,207.97,103491.4,1222.0,-894.5
1747428748.9545019,104385.9,207.97,103491.4,1222.0,-894.5
1747428748.9545019,104385.9,207.97,103491.4,1222.0,-894.5
1747428749.0248473,104385.9,207.97,103491.4,1229.44,-894.5
1747428749.1224146,104385.9,207.97,103491.4,1227.35,-894.5
1747428749.2227666,104385.9,207.97,103491.4,1220.91,-894.5
1747428749.3226368,104385.9,207.97,103491.4,1221.08,-894.5
1747428749.4223053,104385.9,207.97,103491.4,1221.08,-894.5
1747428749.5082538,104385.9,207.97,103491.4,1221.6,-894.5
1747428749.621628,104385.9,207.97,103491.4,1221.6,-894.5
1747428749.7156124,104385.9,207.97,103491.4,1221.6,-894.5
1747428749.8205929,104385.9,207.97,103491.4,1221.6,-894.5
1747428749.917175,104385.9,207.97,103491.4,1221.6,-894.5
1747428750.0269568,104385.9,207.97,103491.4,1172.07,-894.5
1747428750.1255343,104385.9,207.97,103491.4,1142.12,-894.5
1747428750.2209067,104385.9,207.97,103491.4,1151.25,-894.5
1747429927.3350399,104385.9,207.97,103706.4,1261.81,-679.5
1747429927.4142268,104385.9,207.97,103706.4,1255.22,-679.5
1747429927.509629,104385.9,207.97,103706.4,1261.64,-679.5
1747429927.616639,104385.9,207.97,103706.4,1261.64,-679.5
1747429927.715438,104385.9,207.97,103706.4,1255.14,-679.5
1747429927.804745,104385.9,207.97,103706.4,1261.56,-679.5
1747429927.9156208,104385.9,207.97,103706.4,1255.14,-679.5
1747429928.0267875,104385.9,207.97,103706.4,1255.14,-679.5
1747429928.116714,104385.9,207.97,103706.4,1255.14,-679.5
1747429928.2142458,104385.9,207.97,103706.4,1255.14,-679.5
1747429928.3505254,104385.9,207.97,103706.4,1261.04,-679.5
1747429928.4090345,104385.9,207.97,103706.4,1261.04,-679.5
1747429928.5132189,104385.9,207.97,103706.4,1261.04,-679.5
1747429928.68037,104385.9,207.97,103706.4,1261.04,-679.5
1747429928.7176833,104385.9,207.97,103706.4,1254.62,-679.5
1747429928.8097174,104385.9,207.97,103706.4,1261.04,-679.5
1747429928.9216764,104385.9,207.97,103706.4,1273.79,-679.5
1747429929.0159557,104385.9,207.97,103706.4,1273.79,-679.5
1747429929.112181,104385.9,207.97,103706.4,1273.77,-679.5
1747429929.2086253,104385.9,207.97,103706.4,1273.54,-679.5
1747429929.337327,104385.9,207.97,103706.4,1273.69,-679.5
1747429929.3993378,104385.9,207.97,103706.4,1267.27,-679.5
1747429929.5060084,104385.9,207.97,103706.4,1267.27,-679.5
1747429929.6018047,104385.9,207.97,103706.4,1267.2,-679.5
1747429929.7138238,104385.9,207.97,103706.4,1267.2,-679.5
1747429929.808881,104385.9,207.97,103706.4,1267.2,-679.5
1747429929.9042518,104385.9,207.97,103706.4,1267.2,-679.5
1747429930.0163572,104385.9,207.97,103706.4,1267.2,-679.5
1747429930.1783423,104385.9,207.97,103706.4,1267.2,-679.5
1747429930.2188215,104385.9,207.97,103706.4,1256.72,-679.5
1747429930.3111215,104385.9,207.97,103706.4,1256.72,-679.5
1747429930.405687,104385.9,207.97,103706.4,1256.72,-679.5
1747429930.518547,104385.9,207.97,103706.4,1256.72,-679.5
1747429930.6054633,104385.9,207.97,103706.4,1262.29,-679.5
1747429930.7354915,104385.9,207.97,103706.4,1262.29,-679.5
1747429930.821092,104385.9,207.97,103706.4,1214.52,-679.5
1747429930.903875,104385.9,207.97,103706.4,1218.07,-679.5
1747429931.0186322,104385.9,207.97,103706.4,1218.07,-679.5
1747429931.1167328,104385.9,207.97,103706.4,1217.9,-679.5
1747429931.2069485,104385.9,207.97,103706.4,1217.9,-679.5
1747429931.3184867,104385.9,207.97,103706.4,1217.9,-679.5
1747429931.4134524,104385.9,207.97,103706.4,1217.9,-679.5
1747429931.5124133,104385.9,207.97,103706.4,1224.32,-679.5
1747429931.6039674,104385.9,207.97,103706.4,1224.32,-679.5
1747429931.7033918,104385.9,207.97,103706.4,1217.82,-679.5
1747429931.8127346,104385.9,207.97,103706.4,1224.24,-679.5
1747429931.9057996,104385.9,207.97,103706.4,1224.24,-679.5
1747429932.0723362,104385.9,207.97,103706.4,1217.82,-679.5
1747429932.0992076,104385.9,207.97,103706.4,1217.82,-679.5
1747429932.1981444,104385.9,207.97,103706.4,1217.82,-679.5
1747429932.3100386,104385.9,207.97,103706.4,1223.73,-679.5
1747429932.4087508,104385.9,207.97,103706.4,1223.73,-679.5
1747429932.57493,104385.9,207.97,103706.4,1223.39,-679.5
1747429932.6063035,104385.9,207.97,103706.4,1223.22,-679.5
1747429932.708078,104385.9,207.97,103706.4,1223.22,-679.5
1747429932.825083,104385.9,207.97,103706.4,1223.22,-679.5
1747429932.9013276,104385.9,207.97,103706.4,1216.8,-679.5
1747429933.0135965,104385.9,207.97,103706.4,1216.8,-679.5
1747429933.1053262,104385.9,207.97,103706.4,1216.63,-679.5
1747429933.269136,104385.9,207.97,103706.4,1223.05,-679.5
1747429933.3179884,104385.9,207.97,103706.4,1223.05,-679.5
1747429933.4117465,104385.9,207.97,103706.4,1216.63,-679.5
1747429933.5127141,104385.9,207.97,103706.4,1216.43,-679.5
1747429933.6078742,104385.9,207.97,103706.4,1216.56,-679.5
1747429933.7038684,104385.9,207.97,103706.4,1216.56,-679.5
1747429933.8154097,104385.9,207.97,103706.4,1223.0,-679.5
1747429933.9019825,104385.9,207.97,103706.4,1223.14,-679.5
1747429934.0167286,104385.9,207.97,103706.4,1223.0,-679.5
1747429934.116604,104385.9,207.97,103706.4,1216.58,-679.5
1747429934.220757,104385.9,207.97,103706.4,1216.58,-679.5
1747429934.3119795,104385.9,207.97,103706.4,1222.97,-679.5
1747429934.4301035,104385.9,207.97,103706.4,1220.87,-679.5
1747429934.5182922,104385.9,207.97,103706.4,1220.86,-679.5
1747429934.610795,104385.9,207.97,103706.4,1214.44,-679.5
1747429934.7141256,104385.9,207.97,103706.4,1220.86,-679.5
1747429934.9131064,104385.9,207.97,103706.4,1220.86,-679.5
1747429934.9288695,104385.9,207.97,103706.4,1220.86,-679.5
1747429935.008915,104385.9,207.97,103706.4,1214.44,-679.5
1747429938.9070425,104385.9,207.97,103706.4,1212.71,-679.5
1747429939.0172489,104385.9,207.97,103706.4,1219.13,-679.5
1747429939.1127264,104385.9,207.97,103706.4,1212.72,-679.5
1747429939.2089787,104385.9,207.97,103706.4,1212.82,-679.5
1747429939.3222733,104385.9,207.97,103706.4,1219.24,-679.5
1747429939.4362545,104385.9,207.97,103706.4,1219.24,-679.5
1747429939.513865,104385.9,207.97,103706.4,1213.04,-679.5
1747429939.6100996,104385.9,207.97,103706.4,1213.24,-679.5
1747429939.7245579,104385.9,207.97,103706.4,1086.55,-679.5
1747429939.8642504,104385.9,207.97,103706.4,1086.35,-679.5
1747429939.911736,104385.9,207.97,103706.4,1096.55,-679.5
1747429940.0239127,104385.9,207.97,103706.4,1096.55,-679.5
1747429940.1204524,104385.9,207.97,103706.4,1096.55,-679.5
1747429940.2157784,104385.9,207.97,103706.4,1096.55,-679.5
1747429940.3190014,104385.9,207.97,103706.4,1086.55,-679.5
1747429940.4372628,104385.9,207.97,103706.4,1086.55,-679.5
1747429940.5204847,104385.9,207.97,103706.4,1086.55,-679.5
1747429940.6181035,104385.9,207.97,103706.4,1086.55,-679.5
1747429940.7149136,104385.9,207.97,103706.4,1086.55,-679.5
1747429940.8190691,104385.9,207.97,103706.4,1086.55,-679.5
1747429940.9224813,104385.9,207.97,103706.4,1086.55,-679.5
1747429941.0139744,104385.9,207.97,103706.4,1086.55,-679.5
1747429941.118882,104385.9,207.97,103706.4,1086.55,-679.5
1747429941.2156882,104385.9,207.97,103706.4,1086.65,-679.5
1747429941.3195927,104385.9,207.97,103706.4,1086.65,-679.5
1747429941.417697,104385.9,207.97,103706.4,1086.65,-679.5
1747429941.5149403,104385.9,207.97,103706.4,1086.9,-679.5
1747429941.6607583,104385.9,207.97,103706.4,1087.11,-679.5
1747429941.7099333,104385.9,207.97,103706.4,1087.11,-679.5
1747429941.813043,104385.9,207.97,103706.4,1093.53,-679.5
1747429941.9182305,104385.9,207.97,103706.4,1094.01,-679.5
1747429942.0159867,104385.9,207.97,103706.4,1087.56,-679.5
1747429942.112681,104385.9,207.97,103706.4,1087.56,-679.5
1747429942.2406409,104385.9,207.97,103706.4,1087.56,-679.5
1747429942.3133614,104385.9,207.97,103706.4,1087.56,-679.5
1747429942.4158084,104385.9,207.97,103706.4,1087.56,-679.5
1747429942.5118818,104385.9,207.97,103706.4,1087.55,-679.5
1747429942.6212616,104385.9,207.97,103706.4,1087.55,-679.5
1747429942.7185028,104385.9,207.97,103706.4,1087.54,-679.5
1747429942.8157773,104385.9,207.97,103706.4,1087.54,-679.5
1747429942.9126725,104385.9,207.97,103706.4,1087.54,-679.5
1747429943.0127158,104385.9,207.97,103706.4,1093.96,-679.5
1747429943.1196735,104385.9,207.97,103706.4,1087.54,-679.5
1747429943.2160308,104385.9,207.97,103706.4,1087.65,-679.5
1747429943.3145154,104385.9,207.97,103706.4,1087.65,-679.5
1747429943.473062,104385.9,207.97,103706.4,1087.65,-679.5
1747429943.521749,104385.9,207.97,103706.4,1087.65,-679.5
1747429943.6160374,104385.9,207.97,103706.4,1087.65,-679.5
1747429943.7163398,104385.9,207.97,103706.4,1094.98,-679.5
1747429943.816751,104385.9,207.97,103706.4,1079.2,-679.5
1747429943.9167132,104385.9,207.97,103706.4,1085.75,-679.5
1747429944.0199437,104385.9,207.97,103706.4,1088.35,-679.5
1747429944.1170068,104385.9,207.97,103706.4,1088.55,-679.5
1747429944.3173249,104385.9,207.97,103706.4,1088.55,-679.5
1747429944.3173249,104385.9,207.97,103706.4,1088.55,-679.5
1747429944.4174943,104385.9,207.97,103706.4,1094.97,-679.5
1747429944.542135,104385.9,207.97,103706.4,688.37,-679.5
1747429944.627397,104385.9,207.97,103706.4,985.08,-679.5
1747429944.7970712,104385.9,207.97,103706.4,1032.12,-679.5
1747429944.818971,104385.9,207.97,103706.4,1126.74,-679.5
1747429944.9191456,104385.9,207.97,103706.4,1032.12,-679.5
1747429945.019435,104385.9,207.97,103706.4,1032.12,-679.5
1747429945.1231723,104385.9,207.97,103706.4,1156.29,-679.5
1747429945.2202158,104385.9,207.97,103706.4,1140.03,-679.5
1747429945.316408,104385.9,207.97,103706.4,1161.63,-679.5
1747429945.4221246,104385.9,207.97,103706.4,1089.85,-679.5
1747429945.5213766,104385.9,207.97,103706.4,1068.48,-679.5
1747429945.6217709,104385.9,207.97,103706.4,1068.69,-679.5
1747429945.7097542,104385.9,207.97,103706.4,1069.14,-679.5
1747429945.818148,104385.9,207.97,103706.4,1062.72,-679.5
1747429945.9471488,104385.9,207.97,103706.4,1069.14,-679.5
1747429946.010867,104385.9,207.97,103706.4,1069.14,-679.5
1747429946.1075757,104385.9,207.97,103706.4,1069.14,-679.5
1747429946.2187233,104385.9,207.97,103706.4,1069.14,-679.5
1747429946.317467,104385.9,207.97,103706.4,1062.72,-679.5
1747429946.4137952,104385.9,207.97,103706.4,1062.72,-679.5
1747429946.5234437,104385.9,207.97,103706.4,1062.73,-679.5
1747429946.6209626,104385.9,207.97,103706.4,1062.73,-679.5
1747429946.7144976,104385.9,207.97,103706.4,1062.73,-679.5
1747429946.8177984,104385.9,207.97,103706.4,1062.73,-679.5
1747429946.9089177,104385.9,207.97,103706.4,1062.73,-679.5
1747429947.0194259,104385.9,207.97,103706.4,1062.73,-679.5
1747429947.119855,104385.9,207.97,103706.4,1062.73,-679.5
1747429947.2345219,104385.9,207.97,103706.4,1062.83,-679.5
1747429947.3181145,104385.9,207.97,103706.4,1069.25,-679.5
1747429947.4251723,104385.9,207.97,103706.4,1062.83,-679.5
1747429947.5194716,104385.9,207.97,103706.4,1069.48,-679.5
1747429947.6055655,104385.9,207.97,103706.4,1063.29,-679.5
1747429947.7043693,104385.9,207.97,103706.4,1063.78,-679.5
1747429947.819367,104385.9,207.97,103706.4,1063.78,-679.5
1747429947.9159749,104385.9,207.97,103706.4,1063.63,-679.5
1747429948.019684,104385.9,207.97,103706.4,1070.05,-679.5
1747429948.117577,104385.9,207.97,103706.4,1070.05,-679.5
1747429948.2217145,104385.9,207.97,103706.4,1101.6,-679.5
1747429948.332257,104385.9,207.97,103706.4,1101.6,-679.5
1747429948.4162035,104385.9,207.97,103706.4,1095.18,-679.5
1747429948.5197208,104385.9,207.97,103706.4,1095.18,-679.5
1747429948.621462,104385.9,207.97,103706.4,1101.6,-679.5
1747429948.7238436,104385.9,207.97,103706.4,1020.25,-679.5
1747429948.8194532,104385.9,207.97,103706.4,1035.86,-679.5
1747429948.921279,104385.9,207.97,103706.4,1107.64,-679.5
1747429949.0695982,104385.9,207.97,103706.4,1114.06,-679.5
1747429949.1221783,104385.9,207.97,103706.4,1141.44,-679.5
1747429949.2170315,104385.9,207.97,103706.4,1141.74,-679.5
1747429949.3189635,104385.9,207.97,103706.4,1141.87,-679.5
1747429949.419408,104385.9,207.97,103706.4,1141.77,-679.5
1747429949.517866,104385.9,207.97,103706.4,1148.43,-679.5
1747429949.6199195,104385.9,207.97,103706.4,1142.03,-679.5
1747429949.720793,104385.9,207.97,103706.4,1142.5,-679.5
1747429949.819377,104385.9,207.97,103706.4,1142.29,-679.5
1747429949.9194663,104385.9,207.97,103706.4,1141.82,-679.5
1747429950.015222,104385.9,207.97,103706.4,1141.82,-679.5
1747429950.1315632,104385.9,207.97,103706.4,1141.82,-679.5
1747429950.3008218,104385.9,207.97,103706.4,1141.82,-679.5
1747429950.3180828,104385.9,207.97,103706.4,1141.82,-679.5
1747429950.4183638,104385.9,207.97,103706.4,1148.24,-679.5
1747429950.5210207,104385.9,207.97,103706.4,1148.24,-679.5
1747429950.6177,104385.9,207.97,103706.4,1148.24,-679.5
1747429950.721503,104385.9,207.97,103706.4,1141.82,-679.5
1747429950.820008,104385.9,207.97,103706.4,1138.88,-679.5
1747429950.9577801,104385.9,207.97,103706.4,1148.04,-679.5
1747429951.020084,104385.9,207.97,103706.4,1148.24,-679.5
1747429951.1181002,104385.9,207.97,103706.4,1131.82,-679.5
1747429951.2219474,104385.9,207.97,103706.4,1131.92,-679.5
1747429951.320371,104385.9,207.97,103706.4,1131.82,-679.5
1747429951.415655,104385.9,207.97,103706.4,1132.03,-679.5
1747429951.5201178,104385.9,207.97,103706.4,1132.03,-679.5
1747429951.6179485,104385.9,207.97,103706.4,1131.99,-679.5
1747429951.7148182,104385.9,207.97,103706.4,1138.9,-679.5
1747429951.8184183,104385.9,207.97,103706.4,1132.27,-679.5
1747429951.9508328,104385.9,207.97,103706.4,1132.26,-679.5
1747429952.0209606,104385.9,207.97,103706.4,1274.87,-679.5
1747429952.121029,104385.9,207.97,103706.4,1187.97,-679.5
1747429952.2729013,104385.9,207.97,103706.4,1178.02,-679.5
1747429952.304548,104385.9,207.97,103706.4,1178.02,-679.5
1747429952.4157205,104385.9,207.97,103706.4,1178.02,-679.5
1747429952.5118175,104385.9,207.97,103706.4,1184.44,-679.5
1747429952.6078417,104385.9,207.97,103706.4,1184.44,-679.5
1747429952.7191365,104385.9,207.97,103706.4,1178.02,-679.5
1747429952.8780694,104385.9,207.97,103706.4,1178.02,-679.5
1747429952.9098003,104385.9,207.97,103706.4,1178.02,-679.5
1747429953.0058153,104385.9,207.97,103706.4,1178.02,-679.5
1747429953.1821635,104385.9,207.97,103706.4,1178.02,-679.5
1747429953.2143347,104385.9,207.97,103706.4,1178.02,-679.5
1747429953.3105516,104385.9,207.97,103706.4,1178.02,-679.5
1747429953.4228654,104385.9,207.97,103706.4,1178.23,-679.5
1747429953.5196254,104385.9,207.97,103706.4,1178.23,-679.5
1747429953.6165648,104385.9,207.97,103706.4,1178.23,-679.5
1747429953.7465537,104385.9,207.97,103706.4,1195.3,-679.5
1747429953.8211875,104385.9,207.97,103706.4,1195.17,-679.5
1747429953.9059284,104385.9,207.97,103706.4,1184.31,-679.5
1747429954.0193963,104385.9,207.97,103706.4,1184.45,-679.5
1747429954.1176085,104385.9,207.97,103706.4,1184.45,-679.5
1747429954.2208126,104385.9,207.97,103706.4,1178.03,-679.5
1747429954.3323646,104385.9,207.97,103706.4,1168.67,-679.5
1747429954.4156404,104385.9,207.97,103706.4,1168.87,-679.5
1747429954.5200317,104385.9,207.97,103706.4,1184.46,-679.5
1747429954.6175337,104385.9,207.97,103706.4,1184.46,-679.5
1747429954.7217586,104385.9,207.97,103706.4,1178.04,-679.5
1747429954.9062452,104385.9,207.97,103706.4,1178.04,-679.5
1747429954.92193,104385.9,207.97,103706.4,1178.03,-679.5
1747429955.0178726,104385.9,207.97,103706.4,1178.03,-679.5
1747429955.114563,104385.9,207.97,103706.4,1178.03,-679.5
1747429955.9141426,104385.9,207.97,103706.4,1177.03,-679.5
1747429956.010344,104385.9,207.97,103706.4,1178.06,-679.5
1747429956.1415336,104385.9,207.97,103706.4,1178.06,-679.5
1747429956.3319132,104385.9,207.97,103706.4,1178.06,-679.5
1747429956.3319132,104385.9,207.97,103706.4,1178.06,-679.5
1747429956.4123387,104385.9,207.97,103706.4,1184.48,-679.5
1747429956.5158687,104385.9,207.97,103706.4,1184.48,-679.5
1747429956.619383,104385.9,207.97,103706.4,1178.05,-679.5
1747429956.709339,104385.9,207.97,103706.4,1178.05,-679.5
1747429956.8047097,104385.9,207.97,103706.4,1178.05,-679.5
1747429956.909156,104385.9,207.97,103706.4,1184.47,-679.5
1747429957.0054576,104385.9,207.97,103706.4,1194.42,-679.5
1747429957.1191459,104385.9,207.97,103706.4,1188.0,-679.5
1747429957.2158282,104385.9,207.97,103706.4,1188.1,-679.5
1747429957.4895325,104385.9,207.97,103706.4,1194.52,-679.5
1747429957.4895325,104385.9,207.97,103706.4,1194.42,-679.5
1747429957.5056226,104385.9,207.97,103706.4,1188.24,-679.5
1747429957.6203442,104385.9,207.97,103706.4,1194.87,-679.5
1747429957.714586,104385.9,207.97,103706.4,1195.23,-679.5
1747429957.8112025,104385.9,207.97,103706.4,1195.05,-679.5
1747429957.9459062,104385.9,207.97,103706.4,1194.65,-679.5
1747429958.018132,104385.9,207.97,103706.4,1194.72,-679.5
1747429958.1147103,104385.9,207.97,103706.4,1287.55,-679.5
1747429958.2269464,104385.9,207.97,103706.4,1287.56,-679.5
1747429958.3255181,104385.9,207.97,103706.4,1287.56,-679.5
1747429958.41964,104385.9,207.97,103706.4,1287.36,-679.5
1747429958.6374068,104385.9,207.97,103706.4,1280.94,-679.5
1747429958.6374068,104385.9,207.97,103706.4,1287.56,-679.5
1747429958.7082546,104385.9,207.97,103706.4,1287.56,-679.5
1747429958.852867,104385.9,207.97,103706.4,1287.57,-679.5
1747429958.9223406,104385.9,207.97,103706.4,1281.15,-679.5
1747429959.0150597,104385.9,207.97,103706.4,1287.61,-679.5
1747429959.1747134,104385.9,207.97,103706.4,1287.71,-679.5
1747429959.2116718,104385.9,207.97,103706.4,1287.38,-679.5
1747429959.3204365,104385.9,207.97,103706.4,1198.73,-679.5
1747429959.417162,104385.9,207.97,103706.4,1192.21,-679.5
1747429959.5136712,104385.9,207.97,103706.4,1192.65,-679.5
1747429959.6093373,104385.9,207.97,103706.4,1278.79,-679.5
1747429959.7132945,104385.9,207.97,103706.4,1272.84,-679.5
1747429959.8210647,104385.9,207.97,103706.4,1279.04,-679.5
1747429959.9131544,104385.9,207.97,103706.4,1278.55,-679.5
1747429960.003577,104385.9,207.97,103706.4,1278.55,-679.5
1747429960.1165845,104385.9,207.97,103706.4,1278.55,-679.5
1747429960.2135856,104385.9,207.97,103706.4,1278.55,-679.5
1747429960.3089545,104385.9,207.97,103706.4,1278.55,-679.5
1747429960.4204023,104385.9,207.97,103706.4,1272.13,-679.5
1747429960.51719,104385.9,207.97,103706.4,1278.55,-679.5
1747429960.660581,104385.9,207.97,103706.4,1278.55,-679.5
1747429960.7090688,104385.9,207.97,103706.4,1278.55,-679.5
1747429960.8040252,104385.9,207.97,103706.4,1282.75,-679.5
1747429960.9176369,104385.9,207.97,103706.4,1282.75,-679.5
1747429961.014143,104385.9,207.97,103706.4,1282.75,-679.5
1747429961.110826,104385.9,207.97,103706.4,1282.85,-679.5
1747429961.2252102,104385.9,207.97,103706.4,1285.43,-679.5
1747429961.322814,104385.9,207.97,103706.4,1285.33,-679.5
1747429961.4182749,104385.9,207.97,103706.4,1285.56,-679.5
1747429961.514898,104385.9,207.97,103706.4,1285.56,-679.5
1747429961.6121173,104385.9,207.97,103706.4,1285.54,-679.5
1747429961.7081451,104385.9,207.97,103706.4,1279.59,-679.5
1747429961.8849647,104385.9,207.97,103706.4,1285.8,-679.5
1747429961.9169788,104385.9,207.97,103706.4,1285.31,-679.5
1747429962.015388,104385.9,207.97,103706.4,1285.31,-679.5
1747429962.1101346,104385.9,207.97,103706.4,1285.31,-679.5
1747429962.2071683,104385.9,207.97,103706.4,1285.31,-679.5
1747429962.3208318,104385.9,207.97,103706.4,1117.75,-679.5
1747429962.416759,104385.9,207.97,103706.4,1207.16,-679.5
1747429962.5992808,104385.9,207.97,103706.4,1216.32,-679.5
1747429962.6103334,104385.9,207.97,103706.4,1216.52,-679.5
1747429962.7068155,104385.9,207.97,103706.4,1216.52,-679.5
1747429962.8192155,104385.9,207.97,103706.4,1210.1,-679.5
1747429962.9151533,104385.9,207.97,103706.4,1220.66,-679.5
1747429963.043079,104385.9,207.97,103706.4,1214.24,-679.5
1747429963.1097815,104385.9,207.97,103706.4,1235.65,-679.5
1747429963.2200801,104385.9,207.97,103706.4,1229.34,-679.5
1747429963.314961,104385.9,207.97,103706.4,1229.34,-679.5
1747429963.4113297,104385.9,207.97,103706.4,1235.76,-679.5
1747429963.5103807,104385.9,207.97,103706.4,1235.99,-679.5
1747429963.6210024,104385.9,207.97,103706.4,1236.18,-679.5
1747429963.7164845,104385.9,207.97,103706.4,1236.65,-679.5
1747429963.8136802,104385.9,207.97,103706.4,1236.46,-679.5
1747429963.9108841,104385.9,207.97,103706.4,1235.91,-679.5
1747429964.0241609,104385.9,207.97,103706.4,1235.91,-679.5
1747429964.1044407,104385.9,207.97,103706.4,1235.77,-679.5
1747429964.2806854,104385.9,207.97,103706.4,1235.77,-679.5
1747429964.3122451,104385.9,207.97,103706.4,1229.35,-679.5
1747429964.408969,104385.9,207.97,103706.4,1235.77,-679.5
1747429964.5054135,104385.9,207.97,103706.4,1235.78,-679.5
1747429964.6185443,104385.9,207.97,103706.4,1235.77,-679.5
1747429964.810459,104385.9,207.97,103706.4,1219.99,-679.5
1747429964.810459,104385.9,207.97,103706.4,1235.77,-679.5
1747429964.939398,104385.9,207.97,103706.4,1229.35,-679.5
1747429965.0034132,104385.9,207.97,103706.4,1229.35,-679.5
1747429965.1165426,104385.9,207.97,103706.4,1235.52,-679.5
1747429965.2300978,104385.9,207.97,103706.4,1229.21,-679.5
1747429965.311281,104385.9,207.97,103706.4,1229.21,-679.5
1747429965.411673,104385.9,207.97,103706.4,1229.21,-679.5
1747429965.5200784,104385.9,207.97,103706.4,1236.09,-679.5
1747429965.6654432,104385.9,207.97,103706.4,1229.67,-679.5
1747429965.7145278,104385.9,207.97,103706.4,1230.14,-679.5
1747429965.8436778,104385.9,207.97,103706.4,1230.14,-679.5
1747429965.924098,104385.9,207.97,103706.4,1236.56,-679.5
1747429966.0044708,104385.9,207.97,103706.4,1236.56,-679.5
1747429966.1190712,104385.9,207.97,103706.4,1236.5,-679.5
1747429966.2156367,104385.9,207.97,103706.4,1235.48,-679.5
1747429966.3321588,104385.9,207.97,103706.4,1235.48,-679.5
1747429966.40676,104385.9,207.97,103706.4,1235.48,-679.5
1747429966.5193305,104385.9,207.97,103706.4,1235.48,-679.5
1747429966.6165724,104385.9,207.97,103706.4,1235.48,-679.5
1747429966.7132902,104385.9,207.97,103706.4,1235.48,-679.5
1747429966.8095217,104385.9,207.97,103706.4,1235.48,-679.5
1747429966.9062254,104385.9,207.97,103706.4,1229.06,-679.5
1747429967.019682,104385.9,207.97,103706.4,1229.06,-679.5
1747429967.1145384,104385.9,207.97,103706.4,1229.06,-679.5
1747429967.2115126,104385.9,207.97,103706.4,1229.08,-679.5
1747429967.3111446,104385.9,207.97,103706.4,1235.5,-679.5
1747429967.420412,104385.9,207.97,103706.4,1235.63,-679.5
1747429967.5173323,104385.9,207.97,103706.4,1235.63,-679.5
1747429967.6464388,104385.9,207.97,103706.4,1235.63,-679.5
1747429967.7102537,104385.9,207.97,103706.4,1229.64,-679.5
1747429967.8068073,104385.9,207.97,103706.4,1235.84,-679.5
1747429967.9204638,104385.9,207.97,103706.4,1231.16,-679.5
1747429968.0148766,104385.9,207.97,103706.4,1231.16,-679.5
1747429968.1120927,104385.9,207.97,103706.4,1231.16,-679.5
1747429968.2253823,104385.9,207.97,103706.4,1231.21,-679.5
1747429968.3114455,104385.9,207.97,103706.4,1231.21,-679.5
1747429968.4187164,104385.9,207.97,103706.4,1224.79,-679.5
1747429968.5139787,104385.9,207.97,103706.4,1231.21,-679.5
1747429968.6098886,104385.9,207.97,103706.4,1231.21,-679.5
1747429968.7196124,104385.9,207.97,103706.4,1231.06,-679.5
1747429968.818861,104385.9,207.97,103706.4,1224.64,-679.5
1747429968.9558685,104385.9,207.97,103706.4,1231.03,-679.5
1747429969.0192869,104385.9,207.97,103706.4,1230.86,-679.5
1747429969.1150234,104385.9,207.97,103706.4,1230.86,-679.5
1747429969.216201,104385.9,207.97,103706.4,1224.55,-679.5
1747429969.3184886,104385.9,207.97,103706.4,1230.87,-679.5
1747429969.4579806,104385.9,207.97,103706.4,1224.45,-679.5
1747429969.5408075,104385.9,207.97,103706.4,1231.09,-679.5
1747429969.6173198,104385.9,207.97,103706.4,1224.68,-679.5
1747429969.717785,104385.9,207.97,103706.4,1224.93,-679.5
1747429969.8189993,104385.9,207.97,103706.4,1231.35,-679.5
1747429969.9201448,104385.9,207.97,103706.4,1230.88,-679.5
1747429970.037998,104385.9,207.97,103706.4,1230.88,-679.5
1747429970.1344936,104385.9,207.97,103706.4,1230.88,-679.5
1747429970.2216005,104385.9,207.97,103706.4,1230.82,-679.5
1747429970.3226798,104385.9,207.97,103706.4,1224.4,-679.5
1747429970.4240901,104385.9,207.97,103706.4,1230.82,-679.5
1747429970.5198367,104385.9,207.97,103706.4,1230.84,-679.5
1747429970.6182148,104385.9,207.97,103706.4,1224.42,-679.5
1747429970.7215953,104385.9,207.97,103706.4,1230.84,-679.5
1747429970.859576,104385.9,207.97,103706.4,1230.84,-679.5
1747429970.9188242,104385.9,207.97,103706.4,1230.84,-679.5
1747429971.0213218,104385.9,207.97,103706.4,1224.42,-679.5
1747429971.120803,104385.9,207.97,103706.4,1230.95,-679.5
1747429971.2206957,104385.9,207.97,103706.4,1230.95,-679.5
1747429971.320977,104385.9,207.97,103706.4,1230.84,-679.5
1747429971.465774,104385.9,207.97,103706.4,1224.67,-679.5
1747429971.5209813,104385.9,207.97,103706.4,1231.3,-679.5
1747429971.618201,104385.9,207.97,103706.4,1224.65,-679.5
1747429971.7187448,104385.9,207.97,103706.4,1231.54,-679.5
1747429971.8209581,104385.9,207.97,103706.4,1231.32,-679.5
1747429972.0123775,104385.9,207.97,103706.4,1230.85,-679.5
1747429972.0183182,104385.9,207.97,103706.4,1230.85,-679.5
1747429972.1185381,104385.9,207.97,103706.4,1230.85,-679.5
1747429972.2207417,104385.9,207.97,103706.4,1224.43,-679.5
1747429972.3195918,104385.9,207.97,103706.4,1224.43,-679.5
1747429972.4241047,104385.9,207.97,103706.4,1224.43,-679.5
1747429972.666907,104385.9,207.97,103706.4,1230.85,-679.5
1747429972.6679075,104385.9,207.97,103706.4,1230.85,-679.5
1747429972.7207885,104385.9,207.97,103706.4,1230.85,-679.5
1747429972.8353345,104385.9,207.97,103706.4,1230.85,-679.5
1747429972.9233463,104385.9,207.97,103706.4,1230.85,-679.5
1747429973.0220623,104385.9,207.97,103706.4,1230.85,-679.5
1747429973.123973,104385.9,207.97,103706.4,1224.43,-679.5
1747429973.2453325,104385.9,207.97,103706.4,1224.53,-679.5
1747429973.3209093,104385.9,207.97,103706.4,1224.42,-679.5
1747429973.415197,104385.9,207.97,103706.4,1224.65,-679.5
1747429973.5058913,104385.9,207.97,103706.4,1224.65,-679.5
1747429973.618816,104385.9,207.97,103706.4,1231.3,-679.5
1747429973.8112483,104385.9,207.97,103706.4,1231.36,-679.5
1747429973.8112483,104385.9,207.97,103706.4,1231.36,-679.5
1747429973.9075055,104385.9,207.97,103706.4,1230.89,-679.5
1747429974.019795,104385.9,207.97,103706.4,1224.47,-679.5
1747429974.115047,104385.9,207.97,103706.4,1230.89,-679.5
1747429974.2182486,104385.9,207.97,103706.4,1224.47,-679.5
1747429974.4707618,104385.9,207.97,103706.4,1224.48,-679.5
1747429974.519605,104385.9,207.97,103706.4,1228.97,-679.5
1747429974.619132,104385.9,207.97,103706.4,1228.97,-679.5
1747429974.7214413,104385.9,207.97,103706.4,1228.97,-679.5
1747429974.8362064,104385.9,207.97,103706.4,1222.54,-679.5
1747429974.921233,104385.9,207.97,103706.4,1222.54,-679.5
1747429975.0543532,104385.9,207.97,103706.4,1228.96,-679.5
1747429975.115392,104385.9,207.97,103706.4,1222.54,-679.5
1747429975.2220566,104385.9,207.97,103706.4,1232.08,-679.5
1747429975.3078802,104385.9,207.97,103706.4,1225.65,-679.5
1747429975.4147809,104385.9,207.97,103706.4,1232.2,-679.5
1747429975.5084188,104385.9,207.97,103706.4,1225.98,-679.5
1747429975.6228828,104385.9,207.97,103706.4,1232.4,-679.5
1747429975.714974,104385.9,207.97,103706.4,1225.99,-679.5
1747429975.8224547,104385.9,207.97,103706.4,1225.99,-679.5
1747429975.9186137,104385.9,207.97,103706.4,1231.94,-679.5
1747429976.020942,104385.9,207.97,103706.4,1231.94,-679.5
1747429976.1235936,104385.9,207.97,103706.4,1231.94,-679.5
1747429976.2368674,104385.9,207.97,103706.4,1231.91,-679.5
1747429976.3211427,104385.9,207.97,103706.4,1231.91,-679.5
1747429976.4200091,104385.9,207.97,103706.4,1225.49,-679.5
1747429976.5203464,104385.9,207.97,103706.4,1231.91,-679.5
1747429976.6182268,104385.9,207.97,103706.4,1231.91,-679.5
1747429976.7203777,104385.9,207.97,103706.4,1225.49,-679.5
1747429976.8191974,104385.9,207.97,103706.4,1225.49,-679.5
1747429976.9250004,104385.9,207.97,103706.4,1225.49,-679.5
1747429977.1246371,104385.9,207.97,103706.4,1225.49,-679.5
1747429977.1267166,104385.9,207.97,103706.4,1225.49,-679.5
1747429977.2233317,104385.9,207.97,103706.4,1222.61,-679.5
1747429977.3609636,104385.9,207.97,103706.4,1225.47,-679.5
1747429977.4111853,104385.9,207.97,103706.4,1225.47,-679.5
1747429977.5221033,104385.9,207.97,103706.4,1232.13,-679.5
1747429977.61718,104385.9,207.97,103706.4,1232.11,-679.5
1747429977.7188969,104385.9,207.97,103706.4,1226.16,-679.5
1747429977.830205,104385.9,207.97,103706.4,1232.42,-679.5
1747429977.9280815,104385.9,207.97,103706.4,1231.91,-679.5
1747429978.0124848,104385.9,207.97,103706.4,1225.49,-679.5
1747429978.1174054,104385.9,207.97,103706.4,1231.91,-679.5
1747429978.213483,104385.9,207.97,103706.4,1231.91,-679.5
1747429978.3126907,104385.9,207.97,103706.4,1231.82,-679.5
1747429978.4159908,104385.9,207.97,103706.4,1231.82,-679.5
1747429978.5834033,104385.9,207.97,103706.4,1225.4,-679.5
1747429978.6153781,104385.9,207.97,103706.4,1231.82,-679.5
1747429978.7130475,104385.9,207.97,103706.4,1231.82,-679.5
